Number;Core;Lake;Library number;Extraction number;Age ;Depth;Concentration before Genejet;Concentration after Genejet;Library concentration;Average read length of sample;Total concentration;Concentration of pool;Dilution concentration before sequencing 2 ;Molecular weight nucleotide;DNA ;Dry Bulk Density;Water content ;TOC;C_N;Sediment Rate;PC1;PC2;Pann;TJul
1;Ilirney Lake (EN18208);Ilirney Lake;JK097L-3;ESH086;0,1;1;3,93042191;53,1;61,3;82;309,2055485;13;2;325;2,768;0,34635;70,02207123;2,205;13,64219083;0,015251179;-0,288184074;-0,330330457;210,0364622;11,79603839
1;Ilirney Lake (EN18208);Ilirney Lake;JK097L-2;ESH087;1,6;11,5;1,461880089;19,75;66,2;80;349,986783;13;2;325;2,253;0,369366667;69,34419653;1,563;9,961273197;0,015331291;-0,332391892;-0,214105157;223,9127459;12,82070996
1;Ilirney Lake (EN18208);Ilirney Lake;JK097L-4;ESH088;2,9;23;0,995558845;13,45;18,35;79;103,7895928;13;2;325;1,886;0,429950833;66,60698236;1,25615;8,824182289;0,016187376;-0,331533288;-0,351647844;204,6728804;12,0359177
1;Ilirney Lake (EN18208);Ilirney Lake;JK098L-6;ESH102;6,3;58;1,813471503;24,5;103;87;240,6052963;13;2;325;3,104;0,499663333;63,8944805;1,0769;7,921189589;0,018183306;-0,408797076;-0,263130254;217,1467051;12,96063544
1;Ilirney Lake (EN18208);Ilirney Lake;JK098L-7;ESH111;9,2;97;2,11;22,3;120,5;84;543,65;13;2;325;3,408;0,491174167;61,9108611;0,76085;6,521611296;0,019274091;-0,283028234;-0,098552675;216,5773932;13,2089112
1;Ilirney Lake (EN18208);Ilirney Lake;JK098L-4;ESH093;10,2;109;0,866025167;11,7;98,5;82;464,84;13;2;325;2,73;0,462054167;63,83960193;0,8525;6,607832825;0,015063254;-0,421595053;0,008180422;204,9452615;12,81293113
1;Ilirney Lake (EN18208);Ilirney Lake;JK098L-5;ESH094;11,6;127;0,185048113;2,5;88,1;82;435,81;13;2;325;1,585;0,590234167;57,03401129;0,76455;6,158992242;0,015309229;-0,361180226;-0,068037477;210,0771895;11,2190323
1;Ilirney Lake (EN18208);Ilirney Lake;JK097L-6;ESH076;13,2;150;0,629903775;8,51;47,7;75;240,6052963;13;2;325;4,806;0,577104167;55,81700295;0,7163;5,458054024;0,011344477;-0,318778972;-0,184276347;235,9515272;9,777405295
1;Ilirney Lake (EN18208);Ilirney Lake;JK099L-1;ESH122;15,9;172,5;0,276;4,4;72,7;77;363,14;13;2;325;2,545;0,70659;51,79855527;0,5071;4,368518762;0,010083603;-0,167130634;-0,053839969;231,3486492;10,21786848
1;Ilirney Lake (EN18208);Ilirney Lake;JK098L-3;ESH082;19,9;198,5;0,29311621;3,96;126;84;659,34;13;2;325;3,703;0,76091;46,99925934;0,09;1;0,008139706;0,126791629;0,260957383;223,3582372;9,31772417
1;Ilirney Lake (EN18208);Ilirney Lake;JK098L-2;ESH067;28;367,5;0,182457439;2,465;79,4;83;436,26;13;2;325;3,377;1,226423333;33,227913;0,09;1;0,122938331;0,307876828;0,24993513;252,2188456;11,48804942
1;Ilirney Lake (EN18208);Ilirney Lake;JK099L-2;ESH129;31;750;0,009;1,7;78,3;77;447,81;13;2;325;3,7;0,92118;49,92231053;0,3845;4,272113368;0,134844098;0,002928666;0,390886595;277,0759315;10,97794181
1;Ilirney Lake (EN18208);Ilirney Lake;JK099L-3;ESH133;35,1;892;0,327;4,4;96,8;80;435,45;13;2;325;4,47;0,730188889;45,50893253;0,09;1;0,031081471;0,050191095;0,447768924;283,8497998;10,7489565
1;Ilirney Lake (EN18208);Ilirney Lake;JK099L-4;ESH139;42;982,5;0,12;1,9;37,3;82;197,88;13;2;325;6,27;1,604106667;30,69119973;0,09;1;0,03088665;0,286564679;-0,219737441;287,6965762;10,69329737
1;Ilirney Lake (EN18208);Ilirney Lake;JK099L-5;ESH142;45,3;1006,5;0,009;1,6;23,4;78;126,32;13;2;325;5,3;1,615058333;32,63837787;0,09;1;0,030997091;0,312210794;-0,074963367;288,6653973;10,66227779
1;Ilirney Lake (EN18208);Ilirney Lake;JK099L-6;ESH154;54,6;1075;0,638;6,1;60,3;83;265,05;13;2;325;6,52;1,906683333;15,58928347;0,09;1;0,031371321;0,304643373;-0,097644594;291,3251422;10,65453081
2;Salmon Lake (EN22502);Salmon Lake ;HS033L-6;EJF109;0,207;23;8,845299778;119,5;19;86;77,5351969;13;2;325;2,989;1,261941765;30,6002;2,032828694;9,236530928;0,055555556;-0,331479014;-0,165788892;324,386736;10,30021851
2;Salmon Lake (EN22502);Salmon Lake ;HS034L-1;EJF107;0,573;43;8,327165063;112,5;26,3;81;115,6043956;13;2;325;3,394;1,324783686;32,4726;2,143803417;9,315719921;0,037037037;0,100278069;-0,280508761;289,2867824;10,3244676
2;Salmon Lake (EN22502);Salmon Lake ;JK157L-2;ESF036;1,18;63;2,37;30,4;74,8;87;263,937897;13;2;325;3,621;1,387625607;34,345;2,254778139;9,394908913;0,083333333;-0,302729118;-0,045521969;254,1868288;10,34871668
2;Salmon Lake (EN22502);Salmon Lake ;JK157L-3;ESF034;2,498;158;3,82;40,4;107,5;88;388,2267967;13;2;325;6,196;1,435530885;34,5058;2,612795459;9,454551806;0,071428571;-0,169833775;-0,152261918;300,467103;10,54057111
2;Salmon Lake (EN22502);Salmon Lake ;HS034L-3;ESF033;3,655;208;2,69;29;36,3;87;139,2672166;13;2;325;4,617;1,410865159;34,0126;2,277940651;9,040108031;0,083333333;-0,215746521;-0,007064583;359,4436804;10,3277151
2;Salmon Lake (EN22502);Salmon Lake ;JK157L-4;ESF031;3,773;308;4,32;40,5;140;89;499,7322863;13;2;325;6,711;1,284524156;29,1869;2,124432625;8,147299587;0,05;-0,320609939;-0,008680073;243,9625952;9,95336377
2;Salmon Lake (EN22502);Salmon Lake ;HS032L-3;ESF027;3,852;460;1,325;12,05;46,5;86;184,3774782;13;2;325;3,436;1,149355244;25,91884615;1,566670342;9,247376025;0,066666667;-0,273958008;-0,231621315;320,6603209;10,24346571
2;Salmon Lake (EN22502);Salmon Lake ;JK157L-5;ESF026;6,859;510;0,92;10,75;131,5;89;520,0711885;13;2;325;2,983;1,448271123;30,83744;1,688134186;8,59187976;0,090909091;-0,263475521;-0,115466607;201,4240943;10,96872746
2;Salmon Lake (EN22502);Salmon Lake ;HS032L-2;ESF025;7,576;555;1,925;21,6;64,4;83;271,4436249;13;2;325;6,945;1,897510031;30,32586;1,550055937;8,792097024;0,033333333;-0,234970605;-0,126445846;251,2883079;9,626172107
2;Salmon Lake (EN22502);Salmon Lake ;HS032L-1;ESF024;8,471;650;1,415;15,7;35,4;86;156,4986737;13;2;325;4,76;1,433768648;33,21352941;2,507723614;8,641412975;0,045454545;-0,153320139;-0,227226405;265,5597737;10,11243632
2;Salmon Lake (EN22502);Salmon Lake ;HS033L-4;EJF095;9,9;630;4,07;53,8;36,1;82;174,6492501;13;2;325;3,338;1,664841621;33,51156863;1,907860586;8,140447813;0,090909091;-0,434657579;-0,104576161;262,984213;10,24223379
2;Salmon Lake (EN22502);Salmon Lake ;JK157L-6;ESF023;10,248;655;2,67;40,6;125;88;521,1590577;13;2;325;4,513;1,376000405;33,13901961;2,657689371;8,766654265;0,045454545;-0,347535374;-0,035788806;266,2036638;10,07998695
2;Salmon Lake (EN22502);Salmon Lake ;HS033L-5;EJF094;11,025;680;4,68;57,8;42,4;87;187,9849257;13;2;325;2,529;1,378793137;33,1265;2,571728361;8,734187777;0,019607843;-0,382414322;-0,08207699;263,1917867;9,719487412
2;Salmon Lake (EN22502);Salmon Lake ;JK157L-7;ESF022;11,878;705;1,03;13,45;133,5;90;591,8864997;13;2;325;5,576;1,576008503;33,354;1,928574153;8,262605996;0,034482759;-0,130286615;-0,245445017;256,0256908;9,226819416
2;Salmon Lake (EN22502);Salmon Lake ;HS033L-3;EJF092;12,549;751;3,15;35,3;26,6;86;111,2040134;13;2;325;2,417;1,647396607;28,98532;1,457368678;7,979794525;0,090909091;-0,344428918;-0,104779868;236,6759183;8,187967474
2;Salmon Lake (EN22502);Salmon Lake ;HS033L-2;EJF089;13,042;787;1,705;27;39;85;179,1044776;13;2;325;3,175;1,781033778;27,93784;1,437585393;8,287549242;0,038461538;-0,186447234;-0,265424115;267,5757457;8,843790198
2;Salmon Lake (EN22502);Salmon Lake ;HS033L-1;EJF088;13,85;821;2,47;38,9;13,15;86;61,12014873;13;2;325;3,095;1,875815636;28,04472;1,508939478;8,669219784;0,058823529;-0,214333672;-0,218307546;293,3521217;10,0234763
2;Salmon Lake (EN22502);Salmon Lake ;JK158L-1;ESF018;14,369;854;0,908;9,58;128;82;633,1931734;13;2;325;5,844;1,44124433;23,82468;1,457467397;8,357749232;0,0625;-0,117340836;-0,137204145;173,9520992;9,629465641
2;Salmon Lake (EN22502);Salmon Lake ;HS032L-6;EJF085;15,568;929;1,715;22,7;121,25;86;617,2004198;13;2;325;3,114;1,481844346;22,6254;1,1138266;9,095167241;0,038461538;0,200560052;-0,110735358;220,7286875;8,068898283
2;Salmon Lake (EN22502);Salmon Lake ;HS034L-7;ESF014;18,481;1053;0,438;6,43;73,6;90;338,0022962;13;2;325;6;1,68738639;22,82232;0,888273455;7,374297704;0,058823529;0,214838021;0,182765176;228,4003433;9,081463275
2;Salmon Lake (EN22502);Salmon Lake ;JK158L-2;ESF012;20,694;1154;0,389;3,76;114,5;85;601,2076661;13;2;325;6,057;1,843786913;21,55256;0,738062643;6,807521041;0,03030303;0,276597273;0,471896138;151,9795175;8,301294105
2;Salmon Lake (EN22502);Salmon Lake ;JK158L-3;ESF009;22,357;1255;0,327;3,39;54,6;85;326,848249;13;2;325;8,323;1,799199839;21,1664;0,697252213;1,996241857;0,083333333;0,281620032;0,647002826;234,2117052;7,288007673
2;Salmon Lake (EN22502);Salmon Lake ;JK158L-4;ESF008;23,012;1305;0,32;2,98;107;90;590,0192997;13;2;325;5,745;1,517908873;17,5098;0,67316478;1;0,066666667;0,274550282;0,543048486;182,9026554;7,759838232
2;Salmon Lake (EN22502);Salmon Lake ;JK158L-5;ESF006;24,698;1412;0,288;2,16;100;87;541,7118093;13;2;325;3,977;1,680150244;20,35262;0,690608426;5,028078878;0,052631579;0,319069186;0,484138134;186,234678;7,975430278
2;Salmon Lake (EN22502);Salmon Lake ;JK158L-6;ESF004;26,858;1513;0,325;3,15;94,3;89;562,3136553;13;2;325;6,262;1,451598547;18,15904;0,616164437;1,921650404;0,045454545;0,339401898;0,424770852;248,2715479;8,203922919
2;Salmon Lake (EN22502);Salmon Lake ;JK158L-7;ESF002;28,708;1618;0,448;3,48;41,2;88;239,1872279;13;2;325;5,928;1,378588398;20,41526;1,303653342;10,16054256;0,071428571;0,262455169;0,319472688;111,4686186;6,585795758
2;Salmon Lake (EN22502);Salmon Lake ;JK159L-1;ESF001;29,461;1668;0,305;3,49;101,6;83;558,2417582;13;2;325;5,277;1,58243413;26,48168627;1,115631028;9,355702013;0,076923077;0,245663877;0,112295957;203,9451285;7,244667537
3;Lele Lake ;Lele Lake ;IE111L-4_S1;ELS171;0,9;127;2,416728349;32,65;65,5;80;276,0800843;13;2;325;6,02;0,5898626;35,444;3,308317152;12,25302649;0,044;0,098563735;-0,51306014;281,8465928;10,1963377
3;Lele Lake ;Lele Lake ;IE114L-2_S10;JCE124;2,9;135;2,63;40,95;34,2;79;157,0608496;13;2;325;5,911;0,8960144;37,54;4,142178218;13,22172217;0,044;0,114572397;-0,593256487;290,7996503;10,18846727
3;Lele Lake ;Lele Lake ;ELS170S11;ELS170;4,5;214;3,160621762;42,7;145,5;92;578,4138342;13;2;325;11,535;0,811839611;40,88214286;3,42908046;11,82915747;0,04;0,085713807;-0,695675986;290,3424007;9,943063942
3;Lele Lake ;Lele Lake ;IE113L-7_S7;JCE117;5,6;284;3,36;57,2;54,8;81;236,8193604;13;2;325;9,314;0,848715885;39,70375;3,634638158;12,17800377;0,04;0,072423597;-0,722702554;338,4663828;10,87453084
3;Lele Lake ;Lele Lake ;IE113L-6_S6;JCE115;6,2;327;2,02;36,9;48,8;81;217,6142698;13;2;325;6,08;0,723388864;45,85058824;4,006666667;12,73431277;0,04;0,024010843;-0,724314756;323,2212355;10,55087214
3;Lele Lake ;Lele Lake ;IE113L-5_S5;JCE113;6,8;365;1,715;41,2;42,6;81;177,6110069;13;2;325;6,968;1,005337294;39,07;3,537472924;12,39499564;0,04;-0,057158913;-0,798937546;312,5352147;10,48645141
3;Lele Lake ;Lele Lake ;IE113L-4_S4;JCE107;8,6;485;2,69;44,65;38,8;82;159,6051008;13;2;325;8,732;0,788822208;41,692;3,61862069;13,91777188;0,04;-0,087762345;-0,724551239;279,0635139;10,27509224
3;Lele Lake ;Lele Lake ;IE113L-3_S3;JCE103;9,3;535;1,72;28,85;36;82;161,4711819;13;2;325;7,353;1,392113291;39,062;2,576307692;11,17324414;0,04;0,284039572;-0,525867722;271,3589315;10,51613927
3;Lele Lake ;Lele Lake ;IE113L-2_S14;JCE099;10,5;615;4,11;57,3;65,7;80;312,9316504;13;2;325;8,345;1,393354347;29,12;2,433609467;11,16912951;0,037777778;0,09706955;-0,674089455;326,0041223;11,02780387
3;Lele Lake ;Lele Lake ;IE113L-1_S13;JCE094;13,5;843;1,09;17,95;56,9;86;234,0600576;13;2;325;9,37;1,024924485;28,9675;1,379483395;7,994874949;0,055555556;0,223136105;0,555523628;232,0232564;8,468861394
3;Lele Lake ;Lele Lake ;ELS167S10;ELS166;14,4;969;1,04;20;56,8;105;244,0911044;13;2;325;7;1,130128357;29,36148148;1,490089686;8,829942627;0,055555556;0,261618815;0,091552896;250,3079863;8,716707143
3;Lele Lake ;Lele Lake ;IE112L-7_S12;JCE092;16,1;1026;0,009;76,05;26,4;83;130,596092;13;2;325;9,739;0,888101234;33,62625;1,484127907;8,245700606;0,1;0,245404158;0,48827007;244,3434214;8,168352956
3;Lele Lake ;Lele Lake ;IE112L-6_S19;JCE089;18,5;1175;0,009;16,5;58,6;87;243,6590437;13;2;325;10,7;1,069258316;29,10928571;1,163232323;6,594837261;0,1;0,265863866;0,60460321;236,7520867;7,913524349
3;Lele Lake ;Lele Lake ;ELS165S9;ELS165;21,8;1294;0,555;8,93;56,9;105;231,5832316;13;2;325;4,68;1,09434816;27,16;1,8;9;0,077777778;0,240150923;0,542587667;253,406634;8,613935023
3;Lele Lake ;Lele Lake ;IE112L-5_S18;JCE086;23;1385;1,295;17,15;49,1;86;209,2478159;13;2;325;8,6;1,053489145;29,18380952;1,554583333;8,701883385;0,083333334;0,271845879;0,510844339;261,1006772;9,031730433
3;Lele Lake ;Lele Lake ;IE112L-4_S17;JCE083;24,7;1565;0,575;9,005;75,6;86;328,5528031;13;2;325;10;0,991675736;31,38571429;1,718122867;8,025604689;0,077777778;0,295370876;0,531822182;220,8328886;7,783828669
3;Lele Lake ;Lele Lake ;IE111L-2_S2;ELS164;28,5;1878;0,933;17,25;71,7;83;330,2625518;13;2;325;5,49;1,3539;30,49900592;1,507088493;8,325964122;0,066666667;0,26785026;0,426230737;236,0992169;8,513739649
3;Lele Lake ;Lele Lake ;IE112L-3_S11;JCE077;30;1895;1,265;18,85;45,1;84;208,3622084;13;2;325;9,605;1,3839;30,29814138;1,459129262;8,228779537;0,066666667;0,242322162;0,405664914;293,6744638;9,199229068
3;Lele Lake ;Lele Lake ;IE112L-2_S10;JCE073;34,2;2107;2,83;31,4;39,2;84;177,8987974;13;2;325;6,032;1,4679;29,78503471;1,336617837;7,980522385;0,066666667;0,216466435;0,234019194;202,9657028;7,590605028
3;Lele Lake ;Lele Lake ;ELS163S8;ELS163;38;2315;0,536639526;7,25;132,5;105;599,5475113;13;2;325;8;1,5439;29,37244293;1,238105755;7,780897502;0,055555556;0,248763385;0,022542066;237,7440566;8,305119229
3;Lele Lake ;Lele Lake ;IE112L-1_S9;JCE068;39,5;2405;1,42;17,65;40,2;83;185,1681253;13;2;325;4,961;1,5739;29,2208369;1,201907686;7,707545735;0,066666667;0,209130098;0,071693141;212,194764;7,640450866
3;Lele Lake ;Lele Lake ;IE111L-7_S7;JCE063;44,2;2705;1,12;13,7;63,8;84;317,6499876;13;2;325;11,43;1,6679;28,78058405;1,096791136;7,494537558;0,066666667;0,231054424;-0,007257643;222,636025;8,407603457
3;Lele Lake ;Lele Lake ;ELS162S7;ELS162;46,6;2880;0,185;58,8;135,5;98;697,1957808;13;2;325;7,3;1,7159;28,57352261;1,047352308;7,394354717;0,066666667;0,240037627;0,102274255;207,0145776;7,499174107
3;Lele Lake ;Lele Lake ;IE111L-6_S6;JCE058;48,3;2974;0,781;10,6;41,2;83;203,1558185;13;2;325;8,294;1,7499;28,43320834;1,013850305;7,326466258;0,0625;0,199300743;-0,120129203;271,9827677;9,253315825
3;Lele Lake ;Lele Lake ;IE111L-5_S5;JCE051;55,5;3455;0,135;2,63;73,8;80;387,5032817;13;2;325;8,972;1,8939;27,88907442;0,88393069;7,06319715;0,066666667;0,327331714;0,196672873;196,2599637;7,453444599
3;Lele Lake ;Lele Lake ;IE111L-1_S1;ELS161;58,2;3511;0,137;7,265;33,8;84;165,0793651;13;2;325;5,95;1,9479;27,70305528;0,839516007;6,973195237;0,058333334;0,257325328;0,464352601;308,3025379;10,09956765
4;Lama Lake (PG1341);Lama Lake;210810_A00902_B_L002_APMG-38-1_BH194L-3_S25;EBH011;0,08;11;2,35;41,2;17;82;86,88985433;13;2;325;3,725;0,464790039;48,15;0,895;9,078125;0,090909091;-0,434696063;0,419847738;326,5790589;10,88321916
4;Lama Lake (PG1341);Lama Lake;BH194L-4_S16_BH194L-7_S17;EBH012;0,26;27,5;1,44;17,35;12,65;84;64,01821862;13;2;325;2,237;0,476252167;46,9525;0,75625;8,751302084;0,076923077;-0,600673821;0,465722222;309,9105423;10,0744
4;Lama Lake (PG1341);Lama Lake;210810_A00902_B_L002_APMG-38-2_BH194L-6_S26;EBH014;0,72;57;1,35;18,6;23,2;87;128,8530964;13;2;325;4,536;0,494810128;47,3;0,71;8,375;0,05;-0,517725264;0,470502339;312,655372;10,9506
4;Lama Lake (PG1341);Lama Lake;BH194L-7_S18_BH194L-4_S17;EBH015;1,21;80,5;0,503;7,415;17,9;83;87,70210681;13;2;325;2,007;0,510183601;48,92;0,6328125;7,87890625;0,039136303;-0,627536415;0,487019815;315,9949561;11,0591
4;Lama Lake (PG1341);Lama Lake;BH195L-1_S27_210810_A00902_B_L002_APMG-38-3;EBH016;1,86;100;1,385;19,2;31,55;85;172,7347386;13;2;325;4,95;0,518849755;49,55;0,8125;10,15625;0,03030303;-0,730793566;0,400457046;306,6387089;10,6946
4;Lama Lake (PG1341);Lama Lake;BH195L-2_S19_BH195L-2_S18;EBH017;2,5;120,5;1,009;17,95;31,6;86;167,6392573;13;2;325;3,038;0,533542915;48,6375;0,6734375;7,59765625;0,036472149;-0,718984313;0,385006052;324,2558503;11,0783
4;Lama Lake (PG1341);Lama Lake;JK109L-6_S31_210810_A00902_B_L002_APMG-38-10;ELS125;3,02;141;1,015;15,4;99,7;83;521,7163789;13;2;325;2,95;0,545639638;48,4;0,715;8,5;0,021276596;-0,700738442;0,395462663;328,5844015;10,9632
4;Lama Lake (PG1341);Lama Lake;BH195L-3_S28_210810_A00902_B_L002_APMG-38-4;EBH018;4,38;171;1,3;20,5;34,5;90;165,8653846;13;2;325;4,218;0,566247842;50,53;0,69375;8,307291667;0,023255814;-0,799083282;0,43642562;302,8253609;9,8403
4;Lama Lake (PG1341);Lama Lake;BH195L-4_S29_210810_A00902_B_L002_APMG-38-5;EBH019;5,17;191;1,265;16,45;35,65;89;185,2910603;13;2;325;4,24;0,580484669;48,65;0,69;7,786458334;0,026315789;-0,798262208;0,434768854;360,0722106;10,972
4;Lama Lake (PG1341);Lama Lake;BH193L-1_S22_210810_A00902_B_L001_APMG-37-1;EBH001;6,4;226;2,22;31,95;46,85;93;205,3473592;13;2;325;5,09;0,604461202;50,545;0,6725;8,40625;0,04;-0,795083482;0,351982525;412,0236711;11,221
4;Lama Lake (PG1341);Lama Lake;BH193L-2_S20_BH193L-2_S19;EBH002;6,89;245,5;1,505;24,2;96,4;94;429,877369;13;2;325;5,09;0,619019214;48,3775;0,655625;8,858258929;0,040833334;-0,759373802;0,320036665;399,0371757;11,6705
4;Lama Lake (PG1341);Lama Lake;210810_A00902_B_L002_APMG-38-9_JK109L-5_S30;ELS124;7,56;261;0,555;9,52;112,5;82;519,7505198;13;2;325;2,87;0,629994116;48,14;0,645;8,0625;0,058823529;-0,626097624;0,256784585;430,4036381;11,3308
4;Lama Lake (PG1341);Lama Lake;BH193L-3_S20;EBH003;8,51;304,5;0,742;8,42;62,1;96;248,7980769;13;2;325;2,15;0,666410498;48,755;0,5365625;8,234375;0,054093568;-0,619856755;0,29763913;382,3738643;9,7961
4;Lama Lake (PG1341);Lama Lake;BH193L-4_S23_210810_A00902_B_L001_APMG-37-2;EBH004;9,19;337;0,467;4,96;76,9;95;308,0929487;13;2;325;2,54;0,695510128;49,02;0,475;8,683333334;0,052631579;-0,519732066;0,25303398;384,6864726;10,9468
4;Lama Lake (PG1341);Lama Lake;JK081L-1_S1;EBH021;9,82;366,5;1,235;17,95;52,4;85;222,6944326;13;2;325;2,995;0,709744857;49,655;0,81;8,690625;0,05131579;-0,604456358;0,237557673;379,7766199;10,7964
4;Lama Lake (PG1341);Lama Lake;JK105L-6_S21;ELS123;10,09;380,5;0,656;15,5;59,5;88;233,5164835;13;2;325;3,45;0,72225741;49,405;0,823125;8,23125;0,073232324;-0,493477124;0,140123064;336,4123899;8,4061
4;Lama Lake (PG1341);Lama Lake;JK081L-3_S3;EBH023;10,43;388,5;0,168;1,465;48,6;87;213,6263736;13;2;325;3,45;0,728592554;47,9475;0,853125;8,53125;0,105555556;0,245794037;0,25894675;336,3408131;8,7019
4;Lama Lake (PG1341);Lama Lake;BH193L-5_S24_210810_A00902_B_L001_APMG-37-3;EBH005;11,54;418;0,989;14,6;103,5;95;398,0769231;13;2;325;3,15;0,756128268;50,315;0,719375;8,524305556;0,083333333;-0,456977228;0,244277773;275,2708899;7,9708
4;Lama Lake (PG1341);Lama Lake;JK081L-4_S4;EBH024;11,79;425,5;0,009;0;47,4;78;264,2140468;13;2;325;2,75;0,764520352;48,075;0,68;8,537946429;0,1;0,304920455;0,350579013;296,2530843;9,569
4;Lama Lake (PG1341);Lama Lake;JK081L-2_S2;EBH022;12,99;457,5;0,708;6,925;29,9;76;178,2945736;13;2;325;4,4;0,7965297;45,92;0,618125;10,30208333;0,105555556;-0,023091299;0,090500966;278,6611386;7,8177
4;Lama Lake (PG1341);Lama Lake;JK115L-4_S23;ELS121 ;13,59;475;0,043301258;0,585;51;73;290,5982906;13;2;325;3,57;0,817352645;45,46;0,4875;9,75;0,1;0,333492594;0,258866325;247,2910147;8,7498
4;Lama Lake (PG1341);Lama Lake;210810_A00902_B_L001_APMG-37-4;EBH007;13,75;484,5;0,268;2,93;90,4;91;371,8634307;13;2;325;1,66;0,825363634;46,9525;0,514375;10,2875;0,1;0,219459909;0,325366954;249,4601377;8,107
4;Lama Lake (PG1341);Lama Lake;JK109L-4_S22;ELS122 ;13,93;503;0,009;0;85,2;84;362,0909477;13;2;325;3,43;0,842068967;44,24;0,54;9;0,111111111;0,302288663;0,345217025;266,5228313;9,0859
4;Lama Lake (PG1341);Lama Lake;JK109L-4_S21;ELS122;14,02;503,5;0,27646188;3,735;85,2;79;362,0909477;13;2;325;3,43;0,842573505;44,0875;0,54;9;0,118055556;0,295973234;0,348883917;267,0307034;9,144
4;Lama Lake (PG1341);Lama Lake;JK081L-6_S6;EBH026;14,32;551,5;0,009;0;37,9;76;211,2597547;13;2;325;3,2;0,896271657;48,15;0,423125;10,30416667;0,1125;0,261580313;0,047544002;262,8959771;9,0602
4;Lama Lake (PG1341);Lama Lake;210810_A00902_B_L002_APMG-38-8;ELS120;14,67;595;0,110658771;1,495;68,2;77;381,5384615;13;2;325;2,5;0,954433106;45,22;0,14625;13,4375;0,111111111;0,175708134;-0,044523082;237,9831154;8,7618
4;Lama Lake (PG1341);Lama Lake;JK081L-7_S7;EBH027;15,12;654,5;0,009;0;21,6;76;123,5344581;13;2;325;3,2;1,025051019;53,0525;0,123125;12,3125;0,183333334;0,133084283;0,097545047;228,50431;7,9782
4;Lama Lake (PG1341);Lama Lake;210810_A00902_B_L002_APMG-38-7;ELS118;15,6;715,5;0,009;0;62,5;80;332,7122704;13;2;325;3,4;1,099281729;56,6825;0,145833333;7,708333333;0,154761905;0,187386247;0,138114491;223,9355597;7,7892
4;Lama Lake (PG1341);Lama Lake;JK081L-8_S8;EBH028;16,08;776,5;0,009;0;19,5;75;103,8062284;13;2;325;3,5;1,182758654;57,285;0,0996875;9,96875;0,142857143;0,126452986;-0,006115355;240,111143;8,5288
4;Lama Lake (PG1341);Lama Lake;JK115L-2_S24;ELS117;16,54;835;0,009;0;41,35;77;238,2598675;13;2;325;5,29;1,267631327;43,29;0,105;11,25;0,142857143;0,171919076;0,098199043;235,3468859;8,6172
4;Lama Lake (PG1341);Lama Lake;210810_A00902_B_L002_APMG-38-15;ELS116;16,95;901,5;0,009;0;46,5;83;246,6843501;13;2;325;2,83;1,375081895;51,17;0,084375;9,724264706;0,142857143;0,155230891;0,077521492;226,8425475;8,4649
4;Lama Lake (PG1341);Lama Lake;JK081L-11_S11;EBH031;17,22;949,5;0,009;0;24,9;75;141,3567982;13;2;325;4,2;1,453699362;46,315;0,08;8,665441176;0,138888889;0,163510391;0,08488504;227,8799861;8,508
4;Lama Lake (PG1341);Lama Lake;JK081L-9_S9;EBH029;17,95;1147,5;0,009;0;24,1;81;129,6395912;13;2;325;5,5;1,836798283;28,4525;0,0734375;7,017241379;0,183333334;0,175076031;0,088941475;214,8576642;7,8384
4;Lama Lake (PG1341);Lama Lake;210810_A00902_B_L001_APMG-37-10;ELS114;18,72;1195,5;0,009;0;60,2;74;345,5797933;13;2;325;5,06;1,942616111;43,2775;0,076875;7,568965517;0,166666667;0,189011276;0,13937491;211,8265261;7,9538
4;Lama Lake (PG1341);Lama Lake;JK081L-12_S12;EBH032;19,19;1261,5;0,009;0;28,9;78;148,2051282;13;2;325;3,83;2,101163773;27,8375;0,0715625;7,834302326;0,166666667;0,157954718;0,13836625;220,6389022;9,6241
4;Lama Lake (PG1341);Lama Lake;210810_A00902_B_L001_APMG-37-9;ELS113;19,59;1315,5;0,009;0;66,8;73;392,2489724;13;2;325;3,83;2,238924953;30,045;0,06875;7,520348837;0,142857143;0,17142965;0,181633952;213,3803205;9,16
4;Lama Lake (PG1341);Lama Lake;BH194L-1_S25;EBH008;20,06;1369,5;0,126;1,365;17,65;82;82,03578898;13;2;325;5,12;2,386694164;42,2;0,07;7,206395349;0,145833334;0,184224911;0,104306184;217,0632527;7,6903
4;Lama Lake (PG1341);Lama Lake;210810_A00902_B_L001_APMG-37-8;ELS112;20,63;1435,5;0,009;0;74,6;79;397,125366;13;2;325;5,98;2,584654008;27,7275;0,0609375;8,326086957;0,126984127;0,179907892;0,145669553;222,8638405;7,5885
4;Lama Lake (PG1341);Lama Lake;JK081L-13_S13;EBH033;21,07;1482,5;0,009;0;25,4;83;115,9552614;13;2;325;3,31;2,724775779;30,59;0,079166667;7,425;0,118055556;0,187775929;0,19326874;228,9927926;7,5101
4;Lama Lake (PG1341);Lama Lake;210810_A00902_B_L001_APMG-37-7;ELS111;21,75;1555,5;0,009;0;67,2;80;369,2307692;13;2;325;4,076;2,968928809;26,1175;0,078928571;7;0,133928572;0,158411539;0,119746507;241,6580395;7,3875
4;Lama Lake (PG1341);Lama Lake;BH194L-2_S26;EBH009;22,52;1629,5;0,009;0;4,12;82;20,25067584;13;2;325;3,44;3,244259458;22,91;0,0653125;9,987704918;0,1;0,170217957;0,096258201;260,6281025;7,2502
4;Lama Lake (PG1341);Lama Lake;210810_A00902_B_L001_APMG-37-6;ELS110;22,98;1675,5;0,009;0;38,6;78;201,303781;13;2;325;2,99;3,423555148;21,625;0,051875;13,38114754;0,101010101;0,162129187;0,151203081;274,9252481;7,166
5;Btoko Lake ;Btoko Lake ;JK080L-14;EJK083;1,43;4;2,17;18,2;49,2;85;237,2799614;13;2;325;1,625;0,341732092;67,53828045;5,485;12,4067675;0,008092727;-0,390927792;-0,499915923;454,396658;16,89303384
5;Btoko Lake ;Btoko Lake ;JK080L-13;EJK082;2,95;18;2,22;25,3;36,9;84;191,7879418;13;2;325;1,557;0,374727471;65,1879538;6,752;13,61337343;0,008483542;-0,459131227;-0,39554724;472,2452387;17,27206806
5;Btoko Lake ;Btoko Lake ;JK080L-12;EJK081;5,63;30;1,57;19,15;48,7;82;261,0560172;13;2;325;2,056;0,370989371;65,18933052;4,9286;12,31448384;0,009940933;-0,481806779;-0,202112371;510,6971167;17,16424855
5;Btoko Lake ;Btoko Lake ;JK080L-11;EJK080;7,72;42;2,4;22,9;60,2;74;311,8363118;13;2;325;2,52;0,38254871;65,35313345;3,9934;11,89019328;0,014044015;-0,377317664;0,046171877;475,5460318;17,15579698
5;Btoko Lake ;Btoko Lake ;JK080L-10;EJK079;9,38;54;1,643227239;22,2;37;86;177,3304577;13;2;325;2,523;0,384687087;65,75207853;3,9034;12,32957261;0,011941292;-0,325770919;-0,308365119;479,5124066;17,07030228
5;Btoko Lake ;Btoko Lake ;JK080L-9;EJK078;10,17;66;1,89;16,8;53,9;85;262,4148004;13;2;325;2,213;0,392503578;63,53687378;2,901444444;10,85148638;0,010704073;-0,243549019;-0,347881506;474,9466811;17,26038663
5;Btoko Lake ;Btoko Lake ;JK080L-8;EJK077;10,8;74;1,29;12,65;15,6;76;86,02150538;13;2;325;2,528;0,385651551;61,60991643;1,655111111;8,640065922;0,010627796;-0,156122877;-0,234443317;437,7177767;16,54298173
5;Btoko Lake ;Btoko Lake ;JK080L-7;EJK076;11,58;84;0,009;0;7,66;80;48,69675779;13;2;325;1,703;0,38933182;55,38661427;0,09;1;0,021886441;-0,045016733;0,701510247;408,1876615;17,24779361
5;Btoko Lake ;Btoko Lake ;JK080L-6;EJK075;12,33;94;0,797;6,98;20,7;79;107,2261072;13;2;325;2,671;0,402680897;55,82175966;0,703272727;7,813584563;0,024676697;0,265930535;0,329445007;364,6348728;16,97245404
5;Btoko Lake ;Btoko Lake ;JK080L-4;EJK073;13,32;108;0,319;4,01;29,7;85;136,8033164;13;2;325;5,054;0,426063267;45,82376369;0,3573;3,974973207;0,021912905;0,375406512;-0,054529379;356,6766776;17,19273094
5;Btoko Lake ;Btoko Lake ;JK080L-3;EJK072;14,2;120;0,895;11,9;9,94;82;48,85721307;13;2;325;3,775;0,409552894;48,41516972;0,09;1;0,038023029;0,350658139;-0,025564512;323,8969004;17,20702254
5;Btoko Lake ;Btoko Lake ;JK080L-2;EJK071;15,12;132;0,281;3,82;6,11;77;31,22923588;13;2;325;3,776;0,44429929;51,00657574;0,09;1;0,038322378;0,286003846;-0,163431331;363,6424819;17,22698602
5;Btoko Lake ;Btoko Lake ;JK080L-1;EJK070;16,03;144;0,246;5,52;16;82;69,73196775;13;2;325;3,545;0,432372648;53,59798176;0,4722;5,247862327;0,038061246;0,311548514;-0,190544214;343,2810787;17,48511436
5;Btoko Lake ;Btoko Lake ;JK079L-14 WDH;EJK069;16,91;154;0,145;8,12;56,4;84;251,5050167;13;2;325;3,145;0,428151997;54,09323647;0,2538;2,820512426;0,011571355;0,191605726;-0,367900491;349,9992771;17,00970799
5;Btoko Lake ;Btoko Lake ;JK079L-13 WDH;EJK068;17,91;164;0,15;3,94;84,1;81;355,4522401;13;2;325;4,196;0,428584292;53,87524105;0,503;5,59063993;0,011473332;0,230148936;-0,33193414;344,9489843;16,71800001
5;Btoko Lake ;Btoko Lake ;JK079L-12 WDH;EJK067;19,32;178;0,401;7,08;45,6;82;188,5856079;13;2;325;3,927;0,449186576;55,74407652;0,741;8,231153091;0,01152193;0,214934432;-0,379032593;372,1371971;16,5635685
5;Btoko Lake ;Btoko Lake ;JK079L-11 WDH;EJK066;20,5;190;0,309;5,63;65,5;84;276,0800843;13;2;325;3,656;0,452729462;55,09874906;0,70125;7,791248461;0,016405035;0,183353161;-0,402769954;356,8807901;17,12200035
5;Btoko Lake ;Btoko Lake ;JK079L-10 WDH;EJK065;22,78;214;0,139;3,17;80,2;79;369,4150161;13;2;325;2,7;0,499116928;54,93770022;0,675;7,501138581;0,022007842;0,168090224;-0,40471743;384,6276784;16,93363407
5;Btoko Lake ;Btoko Lake ;JK079L-9;EJK063;24,19;228;0,536;2,16;58;80;283,2722833;13;2;325;2,827;0,492827206;55,25281953;0,7218;8,01931262;0,019414268;0,149682224;-0,470050255;365,093009;17,27605458
5;Btoko Lake ;Btoko Lake ;JK079L-8;EJK062;25,41;240;0,637;3,57;46,5;84;213,5476464;13;2;325;4,09;0,512501827;56,45387654;0,892;9,915374054;0,023767154;0,174838572;-0,394710288;382,9758857;16,84328043
5;Btoko Lake ;Btoko Lake ;JK079L-7 WDH;EJK061;27,32;264;0,572;3,27;14,8;81;65,99777035;13;2;325;4,878;0,524289805;55,86119614;0,8662;9,625889061;0,017657346;0,175163063;-0,424194681;344,9115678;17,10791624
5;Btoko Lake ;Btoko Lake ;JK079L-6 WDH;EJK060;28,16;278;0,544;2,93;34,2;84;159,9251812;13;2;325;3,987;0,562707344;55,07780666;0,759;8,433557483;0,018937998;0,194364637;-0,345630495;385,9383786;17,28133222
5;Btoko Lake ;Btoko Lake ;JK079L-5;EJK059;29,02;292;0,68;3,535;24,7;83;130,1369863;13;2;325;3,743;0,640527682;55,44842258;0,8532;9,476853079;0,016218038;0,153353725;-0,48480727;374,5212465;17,41203394
5;Btoko Lake ;Btoko Lake ;JK079L-4;EJK058;29,72;304;0,556;2,705;18,85;83;93,5483871;13;2;325;3,979;0,658724384;55,21721148;0,9184;10,20535191;0,031615797;0,137924388;-0,394821939;385,9698245;17,78294343
5;Btoko Lake ;Btoko Lake ;JK079L-3;EJK057;31,24;330;0,799;5,15;25,5;85;130,3347815;13;2;325;3,983;0,692548069;54,86925777;0,729;8,097163174;0,034860704;0,259426574;-0,354191652;369,8918713;17,26361234
5;Btoko Lake ;Btoko Lake ;JK079L-2;EJK056;32,76;354;0,655;4,12;37,5;82;209,0301003;13;2;325;4,534;0,692940525;52,28500024;0,438;4,867941324;0,038330687;0,160149782;-0,480278784;422,08611;17,08996621
5;Btoko Lake ;Btoko Lake ;JK079L-1;EJK055;33,65;368;0,755;4,035;50,5;82;256,4102564;13;2;325;3,525;0,692940525;53,90311627;0,5668;6,295789803;0,038279226;0,109660164;-0,323482793;389,0418075;17,10188516
6;Ulu Lake;Ulu Lake;WJ196L-4;EWJ175;2,74;15;5,74;115;27,4;87;103,5721036;13;2;325;4,64;1,088888889;33,33333333;5,52152;10,27259535;0,003649635;-0,686053681;-0,32971857;201,3507448;15,35408087
6;Ulu Lake;Ulu Lake;WJ196L-5;EWJ229;7,48;35;3,15;25,8;11,35;90;44,43139558;13;2;325;3,89;1,13;28,14327485;3,611926;9,492578187;0,002590674;-0,592005122;-0,369868728;212,0710038;15,31768486
6;Ulu Lake;Ulu Lake;WJ196L-6;EWJ230;12,16;55;2,02;18,5;45,4;90;203,6331016;13;2;325;4,84;1,463333334;24,59518895;2,791824;8,919565495;0,002631579;-0,574176126;-0,289894282;222,7912628;15,28128885
6;Ulu Lake;Ulu Lake;WJ196L-7;EWJ231;17,59;75;2,88;18,4;43,8;90;185,1225697;13;2;325;2,83;1,654444445;23,804745;2,03087;8,156104418;0,004587156;-0,421411118;-0,178811482;218,6684944;15,31469958
6;Ulu Lake;Ulu Lake;WJ196L-8;EWJ232;18,56;95;1,71;16,7;49,9;92;210,9044801;13;2;325;6,06;1,448571428;22,91366594;1,975699;8,03783157;0,019230769;0,001995782;0,017614583;204,6503744;15,39464813
6;Ulu Lake;Ulu Lake;WJ196L-9;EWJ226;20;118;3,36;31;27,4;87;115,174443;13;2;325;4,51;1,269009009;25,47918679;2,336047;8,328153298;0,012195122;0,229103901;0,283960672;191,5335304;15,46296418
6;Ulu Lake;Ulu Lake;WJ196L-10;EWJ176;23,56;138;0,945;19,4;36,1;91;145,3886428;13;2;325;5,12;1,305045045;24,64364041;1,584536;8,361667546;0,0188;0,321692041;0,437140284;189,5313864;15,4484136
6;Ulu Lake;Ulu Lake;WJ196L-11;EWJ227;24,1;158;0,009;;36,5;84;167,6234214;13;2;325;6,02;1,358370371;22,32952139;0,749026;1;0,033333333;0,332571894;-0,132797251;187,5292424;15,43386302
6;Ulu Lake;Ulu Lake;WJ196L-12;EWJ221;25,87;216,5;0,111;;14,6;83;67,65523633;13;2;325;7,76;1,565551298;10,47157672;0,795789;7,267479452;0,033333333;0,2960966;-0,153384935;240,283227;14,64902931
6;Ulu Lake;Ulu Lake;WJ196L-13;EWJ225;27,7;276,5;0,009;;10,8;84;48,02134282;13;2;325;3,33;1,575768412;9,781097331;1,08995;5,828609626;0,033333333;0,265939635;-0,246546093;230,9471549;14,49779283
6;Ulu Lake;Ulu Lake;WJ196L-14;EWJ217;29,1;322,5;0,009;;12,75;85;63,27543424;13;2;325;4,08;1,583601533;9,251729803;0,841893;7,868158879;0,033333333;0,267168278;-0,096619047;227,0782879;14,46206687
6;Ulu Lake;Ulu Lake;WJ196L-15;EWJ218;30,33;362,5;0,009;;4,58;78;28,41191067;13;2;325;3,29;1,381604938;15,82624364;1,49035;6,638530067;0,033333333;0,286022769;-0,41851892;215,8873648;13,9652368
6;Ulu Lake;Ulu Lake;WJ195L-1;EWJ210;31,27;403,5;0,171;2,72;12;89;50,44136192;13;2;325;6,65;1,546783626;21,43031903;0,896014;1;0,055555556;0,315068302;0,021614577;259,7664181;13,80012588
6;Ulu Lake;Ulu Lake;WJ195L-5;EWJ209;34,43;580;0,135;2;2,16;75;15,31371854;13;2;325;5,92;1,833650794;13,88586166;0,866949;1;0,055555556;0,273461272;-0,121795548;209,8435676;15,04080972
6;Ulu Lake;Ulu Lake;WJ194L-2;EWJ197;36,52;701,5;0,31;10,1;7,52;83;34,33006163;13;2;325;2,44;1,816619183;11,18682945;1,044154;6,445395062;0,055555556;0,432786502;0,482959318;224,9578566;13,49182617
6;Ulu Lake;Ulu Lake;WJ194L-3;EWJ180;37,26;741,5;0,009;;3,46;79;19,93661769;13;2;325;4,19;1,882171137;12,66314418;0,812827;7,130061404;0,055555556;0,286005487;-0,134034078;255,572538;12,70096065
6;Ulu Lake;Ulu Lake;WJ194L-4;EWJ200;38;781,5;0,009;;5,3;70;37,06293706;13;2;325;5,31;1,948582375;14,91414696;0,92107;7,906180258;0,05;0,2638152;-0,180520289;266,5397662;12,75983713
6;Ulu Lake;Ulu Lake;WJ194L-5;EWJ193;38,76;822,5;0,114;;5,28;76;30,30998852;13;2;325;5,48;2,010555555;17,05367142;0,869624;7,307764706;0,05;0,284947933;-0,065505427;236,896373;14,30060231
6;Ulu Lake;Ulu Lake;WJ194L-6;EWJ195;39,53;862,5;0,009;;6,1;78;31,81225554;13;2;325;5,33;1,955;15,9496067;0,769748;7,366009569;0,055555556;0,288084482;-0,08619043;252,2199947;14,05346982
6;Ulu Lake;Ulu Lake;WJ192L-1;EWJ189;40,42;910,5;0,578;9,76;11,2;85;48,81237742;13;2;325;5,58;1,888333334;14,62472904;0,854491;7,430356522;0,055555556;0,243739385;-0,139495664;233,824047;14,34398497
6;Ulu Lake;Ulu Lake;WJ192L-3;EWJ185;42,01;1000;0,161;2,22;8,9;84;38,35380306;13;2;325;4,92;1,846666667;13,7966805;1,194472;8,750710623;0,055555556;0,237738486;-0,071297854;230,0573137;14,91805055
6;Ulu Lake;Ulu Lake;WJ192L-4;EWJ187;42,54;1040;0,009;;10,5;86;44,01592957;13;2;325;3,62;1,846666667;13,7966805;0,920571;6,552106762;0,0625;0,321107372;-0,125541636;211,947183;15,07927873
6;Ulu Lake;Ulu Lake;WJ192L-5;EWJ183;43,16;1080;0,009;;10,7;79;51,44230769;13;2;325;6,06;1,846666667;13,7966805;0,920571;7,970311688;0,055555556;0,282900064;-0,096706684;201,9356828;15,04935179