species,bacdive_url,isolation_categories,pH_optimum,aquatic_samples,soil_samples,animal_samples,plant_samples,Total_Samples,total_n,r_terr,r_aqua,r_anim,r_plant,tas_score_raw,habitat_label,tas_score
Nitrososphaera viennensis,https://bacdive.dsmz.de/strain/24819,"#Environmental, #Terrestrial, #Soil, #Engineered, #Agriculture, #Garden",NA,1057,8092,237,1059,10445,10445,0.7747247486835807,0.10119674485399711,0.02269028243178554,0.10138822403063669,0.7689364949140298,Terrestrial Specialist,0.7689364949140298
Methanosarcina mazei,https://bacdive.dsmz.de/strain/7096,"#Engineered, #Industrial, #Plant (Factory), #Engineered, #Waste, #Sewage sludge",NA,3372,2215,684,931,7202,7202,0.307553457372952,0.4682032768675368,0.0949736184393224,0.12926964732018884,-0.20708788231762185,Terrestrial Specialist,-0.20708788231762185
Nitrosopumilus piranensis,https://bacdive.dsmz.de/strain/158487,"#Environmental, #Terrestrial, #Coast, #Environmental, #Aquatic, #Surface water",7.1,3053,75,2,3,3133,3133,0.02393871688477497,0.97446536865624,6.383657835939994e-4,9.57548675390999e-4,-0.9520460348520589,Aquatic Specialist,-0.9520460348520589
Methanothrix soehngenii,https://bacdive.dsmz.de/strain/7045,"#Engineered, #Waste, #Sewage sludge, #Condition, #Anoxic (anaerobic)",NA,1947,587,42,172,2748,2748,0.2136098981077147,0.7085152838427947,0.01528384279475982,0.06259097525473072,-0.5367008676105549,Generalist / Mixed,-0.5367008676105549
Methanobacterium paludis,https://bacdive.dsmz.de/strain/24155,"#Environmental, #Terrestrial, #Soil, #Environmental, #Terrestrial, #Wetland (Swamp)",NA,1208,279,93,190,1770,1770,0.1576271186440678,0.6824858757062147,0.05254237288135593,0.10734463276836158,-0.6247478136477446,Terrestrial Specialist,-0.6247478136477446
Methanosphaerula palustris,https://bacdive.dsmz.de/strain/17855,"#Environmental, #Terrestrial, #Wetland (Swamp)",NA,534,268,1,54,857,857,0.31271878646441076,0.6231038506417736,0.00116686114352392,0.06301050175029171,-0.33167082258822705,Generalist / Mixed,-0.33167082258822705
Methanospirillum hungatei,https://bacdive.dsmz.de/strain/7132,"#Engineered, #Waste, #Sewage sludge",NA,628,36,20,86,770,770,0.04675324675324675,0.8155844155844156,0.02597402597402597,0.11168831168831168,-0.8915662640263463,Terrestrial Specialist,-0.8915662640263463
Methanobacterium lacus,https://bacdive.dsmz.de/strain/6956,"#Environmental, #Aquatic, #Lake (large), #Environmental, #Aquatic, #Sediment, #Condition, #Psychrophilic (<10°C)",6.5,319,375,6,20,720,720,0.5208333333333334,0.44305555555555554,0.00833333333333333,0.02777777777777777,0.08069164256758221,Generalist / Mixed,0.08069164256758221
Halogranum gelatinilyticum,https://bacdive.dsmz.de/strain/161775,NA,NA,610,98,3,3,714,714,0.13725490196078433,0.8543417366946778,0.0042016806722689,0.0042016806722689,-0.7231638410786172,Generalist / Mixed,-0.7231638410786172
Methanospirillum lacunae,https://bacdive.dsmz.de/strain/7136,"#Environmental, #Aquatic, #Environmental, #Terrestrial, #Soil",7.5,546,95,17,23,681,681,0.1395007342143906,0.801762114537445,0.02496328928046989,0.03377386196769456,-0.7035881427782473,Generalist / Mixed,-0.7035881427782473
Halosegnis longus,https://bacdive.dsmz.de/strain/166625,NA,NA,504,112,35,5,656,656,0.17073170731707318,0.7682926829268293,0.05335365853658536,0.00762195121951219,-0.6363636356859503,Generalist / Mixed,-0.6363636356859503
Halosegnis rubeus,https://bacdive.dsmz.de/strain/166779,NA,NA,504,112,35,5,656,656,0.17073170731707318,0.7682926829268293,0.05335365853658536,0.00762195121951219,-0.6363636356859503,Generalist / Mixed,-0.6363636356859503
Methanospirillum stamsii,https://bacdive.dsmz.de/strain/24171,"#Engineered, #Bioreactor, #Engineered, #Waste, #Activated sludge, #Condition, #Anoxic (anaerobic)",7,450,17,25,75,567,567,0.02998236331569664,0.7936507936507936,0.04409171075837742,0.13227513227513227,-0.9271948596879668,Terrestrial Specialist,-0.9271948596879668
Salinigranum halophilum,https://bacdive.dsmz.de/strain/163752,NA,NA,452,80,1,1,534,534,0.149812734082397,0.846441947565543,0.00187265917602996,0.00187265917602996,-0.699248119598875,Generalist / Mixed,-0.699248119598875
Salinigranum rubrum,https://bacdive.dsmz.de/strain/161941,NA,NA,461,52,1,2,516,516,0.1007751937984496,0.8934108527131783,0.00193798449612403,0.00387596899224806,-0.7972709543637587,Generalist / Mixed,-0.7972709543637587
Methanolinea mesophila,https://bacdive.dsmz.de/strain/17854,"#Engineered, #Agriculture, #Field, #Environmental, #Terrestrial, #Soil, #Host, #Plants, #Herbaceous plants (Grass,Crops)",7,249,221,4,16,490,490,0.4510204081632654,0.5081632653061224,0.00816326530612245,0.0326530612244898,-0.0595744680229968,Generalist / Mixed,-0.0595744680229968
Methanomethylovorans hollandica,https://bacdive.dsmz.de/strain/7053,"#Environmental, #Aquatic, #Freshwater, #Environmental, #Aquatic, #Pond (small), #Environmental, #Aquatic, #Sediment, #Condition, #Anoxic (anaerobic)",NA,368,45,1,18,432,432,0.10416666666666669,0.8518518518518519,0.00231481481481481,0.04166666666666666,-0.782082323637144,Generalist / Mixed,-0.782082323637144
Methanobacterium aggregans,https://bacdive.dsmz.de/strain/132210,"#Engineered, #Industrial, #Plant (Factory), #Environmental, #Terrestrial, #Mud (Sludge), #Host, #Plants, #Herbaceous plants (Grass,Crops), #Host Body Product, #Gastrointestinal tract, #Feces (Stool)",NA,313,25,25,24,387,387,0.06459948320413436,0.8087855297157622,0.06459948320413436,0.06201550387596899,-0.8520710049415637,Aquatic Specialist,-0.8520710049415637
Haloarchaeobius amylolyticus,https://bacdive.dsmz.de/strain/162272,NA,NA,243,54,5,2,304,304,0.17763157894736842,0.7993421052631579,0.01644736842105263,0.00657894736842105,-0.6363636357122742,Generalist / Mixed,-0.6363636357122742
Halococcus salsus,https://bacdive.dsmz.de/strain/159820,"#Environmental, #Terrestrial, #Geologic, #Condition, #Saline",7.5,277,13,8,2,300,300,0.04333333333333333,0.9233333333333332,0.02666666666666667,0.00666666666666666,-0.9103448266444708,Aquatic Specialist,-0.9103448266444708
Halorientalis brevis,https://bacdive.dsmz.de/strain/162236,NA,NA,199,77,16,8,300,300,0.25666666666666665,0.6633333333333333,0.05333333333333334,0.02666666666666667,-0.4420289850267802,Generalist / Mixed,-0.4420289850267802
Methanocella paludicola,https://bacdive.dsmz.de/strain/17667,"#Engineered, #Agriculture, #Field, #Environmental, #Terrestrial, #Soil, #Host, #Plants, #Herbaceous plants (Grass,Crops)",7,70,165,4,54,293,293,0.5631399317406144,0.2389078498293515,0.0136518771331058,0.18430034129692832,0.40425531864490727,Terrestrial Specialist,0.40425531864490727
Halorussus halophilus,https://bacdive.dsmz.de/strain/163753,NA,7,183,83,16,8,290,290,0.28620689655172415,0.6310344827586207,0.05517241379310345,0.02758620689655172,-0.3759398492142009,Generalist / Mixed,-0.3759398492142009
Methanobacterium subterraneum,https://bacdive.dsmz.de/strain/6943,"#Environmental, #Aquatic, #Groundwater",NA,222,32,13,20,287,287,0.11149825783972124,0.7735191637630662,0.04529616724738676,0.06968641114982578,-0.7480314952177755,Generalist / Mixed,-0.7480314952177755
Methanosarcina siciliae,https://bacdive.dsmz.de/strain/7083,"#Environmental, #Aquatic, #Lake (large), #Environmental, #Aquatic, #Sediment",NA,149,112,15,10,286,286,0.3916083916083916,0.5209790209790209,0.05244755244755245,0.03496503496503497,-0.14176245195193843,Generalist / Mixed,-0.14176245195193843
Halobaculum halophilum,https://bacdive.dsmz.de/strain/167287,NA,NA,59,144,12,2,217,217,0.663594470046083,0.271889400921659,0.05529953917050691,0.00921658986175115,0.41871921137506374,Generalist / Mixed,0.41871921137506374
Halomarina salina,https://bacdive.dsmz.de/strain/163694,NA,NA,120,81,10,3,214,214,0.37850467289719625,0.5607476635514018,0.04672897196261682,0.01401869158878504,-0.1940298505396896,Generalist / Mixed,-0.1940298505396896
Haloquadratum walsbyi,https://bacdive.dsmz.de/strain/5880,"#Environmental, #Aquatic, #Pond (small), #Condition, #Saline",NA,167,16,12,4,199,199,0.08040201005025126,0.8391959798994975,0.06030150753768844,0.02010050251256281,-0.8251366111245783,Aquatic Specialist,-0.8251366111245783
Methanoplanus endosymbiosus,https://bacdive.dsmz.de/strain/7041,"#Environmental, #Aquatic, #Marine, #Host, #Protozoa",NA,153,31,1,4,189,189,0.164021164021164,0.8095238095238095,0.00529100529100529,0.02116402116402116,-0.6630434775798087,Generalist / Mixed,-0.6630434775798087
Halogranum rubrum,https://bacdive.dsmz.de/strain/133561,"#Environmental, #Aquatic, #Marine, #Condition, #Saline, #Engineered, #Industrial, #Industrial production, #Environmental, #Terrestrial, #Coast",7.5,147,34,1,4,186,186,0.1827956989247312,0.7903225806451613,0.0053763440860215,0.02150537634408602,-0.6243093916236377,Generalist / Mixed,-0.6243093916236377
Halobellus clavatus,https://bacdive.dsmz.de/strain/161773,NA,NA,171,9,1,1,182,182,0.04945054945054945,0.9395604395604396,0.00549450549450549,0.00549450549450549,-0.89999999909,Aquatic Specialist,-0.89999999909
Natronorubrum bangense,https://bacdive.dsmz.de/strain/161009,NA,NA,149,20,3,1,173,173,0.11560693641618495,0.861271676300578,0.01734104046242774,0.00578034682080924,-0.7633136086860753,Generalist / Mixed,-0.7633136086860753
Methanohalophilus halophilus,https://bacdive.dsmz.de/strain/7064,"#Environmental, #Microbial community, #Microbial mat, #Host, #Microbial, #Bacteria",NA,111,51,2,1,165,165,0.3090909090909091,0.6727272727272727,0.01212121212121212,0.00606060606060606,-0.3703703699931413,Generalist / Mixed,-0.3703703699931413
Haladaptatus litoreus,https://bacdive.dsmz.de/strain/133566,"#Environmental, #Aquatic, #Marine, #Condition, #Saline, #Engineered, #Industrial, #Industrial production, #Environmental, #Terrestrial, #Coast",7,74,82,3,1,160,160,0.5125,0.4625,0.01875,0.00625,0.05128205122945424,Generalist / Mixed,0.05128205122945424
Halobacterium noricense,https://bacdive.dsmz.de/strain/5915,"#Environmental, #Terrestrial, #Geologic, #Condition, #Saline",NA,126,18,9,2,155,155,0.11612903225806452,0.8129032258064516,0.05806451612903226,0.01290322580645161,-0.7499999991927084,Generalist / Mixed,-0.7499999991927084
Methanofollis ethanolicus,https://bacdive.dsmz.de/strain/161569,NA,NA,70,30,4,14,118,118,0.2542372881355932,0.5932203389830508,0.03389830508474576,0.11864406779661016,-0.399999999528,Terrestrial Specialist,-0.399999999528
Halostella salina,https://bacdive.dsmz.de/strain/141067,"#Condition, #Saline, #Environmental, #Terrestrial",8,56,41,5,14,116,116,0.35344827586206895,0.4827586206896552,0.04310344827586207,0.1206896551724138,-0.15463917507280267,Terrestrial Specialist,-0.15463917507280267
Methanolobus zinderi,https://bacdive.dsmz.de/strain/7082,"#Engineered, #Other, #Mine, #Engineered, #Waste, #Coalbed water, #Environmental, #Aquatic, #Environmental, #Terrestrial, #Geologic",NA,76,20,1,3,100,100,0.2,0.76,0.01,0.03,-0.5833333327256945,Generalist / Mixed,-0.5833333327256945
Methanothermobacter wolfeii,https://bacdive.dsmz.de/strain/6894,"#Engineered, #Waste, #Sewage sludge, #Environmental, #Aquatic, #River (Creek), #Environmental, #Aquatic, #Sediment",NA,38,18,3,5,64,64,0.28125,0.59375,0.046875,0.078125,-0.35714285673469387,Generalist / Mixed,-0.35714285673469387
Haloferax larsenii,https://bacdive.dsmz.de/strain/24077,"#Condition, #Saline",6.5,21,8,1,1,31,31,0.25806451612903225,0.6774193548387096,0.03225806451612903,0.03225806451612903,-0.44827586158977406,Generalist / Mixed,-0.44827586158977406
Halohasta litchfieldiae,https://bacdive.dsmz.de/strain/24090,"#Environmental, #Aquatic, #Surface water",NA,120,84,NA,NA,NA,204,0.4117647058823529,0.5882352941176471,0,0,-0.17647058805882354,Generalist / Mixed,-0.17647058805882354
Halorubrum lacusprofundi,https://bacdive.dsmz.de/strain/5940,"#Environmental, #Aquatic, #Sediment",NA,60,10,NA,NA,NA,70,0.14285714285714285,0.8571428571428571,0,0,-0.7142857135714284,Generalist / Mixed,-0.7142857135714284
Halogranum amylolyticum,https://bacdive.dsmz.de/strain/161776,NA,NA,30,21,NA,NA,NA,51,0.4117647058823529,0.5882352941176471,0,0,-0.17647058805882354,Generalist / Mixed,-0.17647058805882354
Haladaptatus pallidirubidus,https://bacdive.dsmz.de/strain/162029,NA,NA,113,65,12,NA,NA,190,0.34210526315789475,0.5947368421052631,0.06315789473684211,0,-0.2696629210604721,Generalist / Mixed,-0.2696629210604721
Salinirubrum litoreum,https://bacdive.dsmz.de/strain/162277,NA,NA,213,56,NA,NA,NA,269,0.20817843866171004,0.79182156133829,0,0,-0.5836431220929368,Generalist / Mixed,-0.5836431220929368
Methanoculleus chikugoensis,https://bacdive.dsmz.de/strain/7029,"#Engineered, #Agriculture, #Field, #Environmental, #Terrestrial, #Soil, #Host, #Plants, #Herbaceous plants (Grass,Crops), #Condition, #Anoxic (anaerobic), #Condition, #Humid",NA,46,1,NA,1,NA,48,0.02083333333333333,0.9583333333333334,0,0.02083333333333333,-0.9574468075328202,Aquatic Specialist,-0.9574468075328202
Halobium salinum,https://bacdive.dsmz.de/strain/163690,NA,NA,426,92,54,NA,NA,572,0.16083916083916083,0.7447552447552448,0.0944055944055944,0,-0.6447876440756399,Generalist / Mixed,-0.6447876440756399
Thermococcus eurythermalis,https://bacdive.dsmz.de/strain/163749,NA,NA,25,2,NA,NA,NA,27,0.07407407407407407,0.925925925925926,0,0,-0.8518518509999999,Aquatic Specialist,-0.8518518509999999
Methanoculleus taiwanensis,https://bacdive.dsmz.de/strain/132944,"#Environmental, #Aquatic, #Sediment",NA,57,4,2,NA,NA,63,0.06349206349206349,0.9047619047619048,0.03174603174603174,0,-0.8688524581190541,Aquatic Specialist,-0.8688524581190541
Nitrosopumilus adriaticus,https://bacdive.dsmz.de/strain/157948,"#Environmental, #Terrestrial, #Coast, #Environmental, #Aquatic, #Surface water",7.1,60,2,NA,NA,NA,62,0.03225806451612903,0.967741935483871,0,0,-0.935483870032258,Aquatic Specialist,-0.935483870032258
Methanolobus psychrotolerans,https://bacdive.dsmz.de/strain/158352,"#Environmental, #Aquatic, #Lake (large), #Environmental, #Aquatic, #Sediment, #Condition, #Saline",7,8,1,NA,4,NA,13,0.07692307692307693,0.6153846153846154,0,0.3076923076923077,-0.7777777766543211,Terrestrial Specialist,-0.7777777766543211
Methanoculleus thermophilus,https://bacdive.dsmz.de/strain/7022,"#Engineered, #Industrial, #Plant (Factory), #Engineered, #Waste, #Industrial wastewater, #Environmental, #Aquatic, #River (Creek)",NA,29,11,NA,8,NA,48,0.22916666666666663,0.6041666666666666,0,0.16666666666666666,-0.4499999994600001,Terrestrial Specialist,-0.4499999994600001
Halonotius pteroides,https://bacdive.dsmz.de/strain/5975,"#Environmental, #Aquatic, #Pond (small), #Condition, #Saline",7,29,4,NA,NA,NA,33,0.12121212121212122,0.8787878787878788,0,0,-0.7575757568181818,Generalist / Mixed,-0.7575757568181818
Natrarchaeobaculum aegyptiacum,https://bacdive.dsmz.de/strain/132586,"#Environmental, #Terrestrial, #Sediment, #Environmental, #Aquatic, #Sediment",9,18,1,NA,NA,NA,19,0.05263157894736842,0.9473684210526316,0,0,-0.8947368412105261,Aquatic Specialist,-0.8947368412105261
Halohasta litorea,https://bacdive.dsmz.de/strain/161994,NA,NA,175,30,NA,NA,NA,205,0.14634146341463414,0.8536585365853658,0,0,-0.7073170724634146,Generalist / Mixed,-0.7073170724634146
Cuniculiplasma divulgatum,https://bacdive.dsmz.de/strain/141129,"#Condition, #Acidic, #Engineered, #Other, #Mine, #Environmental, #Microbial community, #Environmental, #Terrestrial, #Geologic",1,135,5,2,NA,NA,142,0.0352112676056338,0.9507042253521126,0.01408450704225352,0,-0.928571427629592,Aquatic Specialist,-0.928571427629592
Methanolobus sp.,https://bacdive.dsmz.de/strain/140020,"#Environmental, #Terrestrial, #Sediment",NA,32,3,2,NA,NA,37,0.08108108108108109,0.8648648648648649,0.05405405405405406,0,-0.8285714276955102,Aquatic Specialist,-0.8285714276955102
Halorubrum lipolyticum,https://bacdive.dsmz.de/strain/5951,"#Environmental, #Aquatic, #Lake (large), #Environmental, #Aquatic, #Sediment, #Condition, #Saline",7.5,18,3,NA,NA,NA,21,0.14285714285714285,0.8571428571428571,0,0,-0.7142857135714284,Generalist / Mixed,-0.7142857135714284
Methanocalculus alkaliphilus,https://bacdive.dsmz.de/strain/131457,"#Environmental, #Aquatic, #Lake (large), #Environmental, #Aquatic, #Sediment, #Condition, #Anoxic (anaerobic), #Condition, #Saline",NA,28,NA,NA,NA,NA,28,0,1,0,0,-0.999999999,Aquatic Specialist,-0.999999999
Halobacterium litoreum,https://bacdive.dsmz.de/strain/141038,"#Condition, #Saline, #Environmental, #Aquatic, #Marine, #Environmental, #Terrestrial, #Sediment",7,60,4,2,NA,NA,66,0.06060606060606061,0.9090909090909092,0.0303030303030303,0,-0.8749999990976561,Aquatic Specialist,-0.8749999990976561
Pyrodictium occultum,https://bacdive.dsmz.de/strain/13526,"#Environmental, #Aquatic, #Marine, #Condition, #Sulfuric",NA,44,NA,NA,NA,NA,44,0,1,0,0,-0.999999999,Aquatic Specialist,-0.999999999
Halobellus inordinatus,https://bacdive.dsmz.de/strain/134047,"#Condition, #Saline",8,25,8,NA,NA,NA,33,0.24242424242424243,0.7575757575757576,0,0,-0.51515151463636355,Generalist / Mixed,-0.51515151463636355
Salinirubellus salinus,https://bacdive.dsmz.de/strain/158814,"#Environmental, #Aquatic, #Marine, #Environmental, #Aquatic, #Sediment, #Condition, #Saline",7.5,25,13,NA,NA,NA,38,0.34210526315789475,0.6578947368421053,0,0,-0.31578947336842106,Generalist / Mixed,-0.31578947336842106
Saliphagus infecundisoli,https://bacdive.dsmz.de/strain/141051,"#Condition, #Saline, #Environmental, #Terrestrial, #Soil",7,31,30,4,NA,NA,65,0.4615384615384616,0.47692307692307695,0.06153846153846154,0,-0.01639344260548239,Generalist / Mixed,-0.01639344260548239
Natrinema soli,https://bacdive.dsmz.de/strain/140647,"#Environmental, #Terrestrial, #Soil",7,20,23,1,NA,NA,44,0.5227272727272727,0.4545454545454546,0.02272727272727272,0,0.06976744178907517,Generalist / Mixed,0.06976744178907517
Methanohalobium evestigatum,https://bacdive.dsmz.de/strain/7062,"#Environmental, #Aquatic, #Environmental, #Terrestrial, #Mud (Sludge), #Condition, #Saline",NA,81,2,2,NA,NA,85,0.02352941176470588,0.9529411764705882,0.02352941176470588,0,-0.9518072279409204,Aquatic Specialist,-0.9518072279409204
Natronomonas halophila,https://bacdive.dsmz.de/strain/164425,NA,NA,13,6,NA,NA,NA,19,0.3157894736842105,0.6842105263157895,0,0,-0.3684210522631579,Generalist / Mixed,-0.3684210522631579
Nitrosopumilus zosterae,https://bacdive.dsmz.de/strain/167604,NA,NA,60,2,NA,NA,NA,62,0.03225806451612903,0.967741935483871,0,0,-0.935483870032258,Aquatic Specialist,-0.935483870032258
Natronorubrum texcoconense,https://bacdive.dsmz.de/strain/24071,"#Environmental, #Terrestrial, #Soil, #Condition, #Alkaline, #Condition, #Saline",NA,15,NA,1,NA,NA,16,0,0.9375,0.0625,0,-0.9999999989333334,Aquatic Specialist,-0.9999999989333334
Salinigranum salinum,https://bacdive.dsmz.de/strain/140643,"#Environmental, #Aquatic, #Marine, #Environmental, #Aquatic, #Sediment",7.5,417,53,1,NA,NA,471,0.11252653927813164,0.8853503184713376,0.00212314225053078,0,-0.7744680843302671,Generalist / Mixed,-0.7744680843302671
Halarchaeum rubridurum,https://bacdive.dsmz.de/strain/24088,"#Engineered, #Food production, #Food, #Environmental, #Aquatic, #Marine",5.75,17,1,NA,NA,NA,18,0.05555555555555555,0.9444444444444444,0,0,-0.8888888879999999,Aquatic Specialist,-0.8888888879999999
Salarchaeum japonicum,https://bacdive.dsmz.de/strain/161761,NA,NA,12,NA,NA,NA,NA,12,0,1,0,0,-0.999999999,Aquatic Specialist,-0.999999999
Caldisphaera lagunensis,https://bacdive.dsmz.de/strain/2090,"#Environmental, #Aquatic, #Thermal spring, #Condition, #Acidic, #Condition, #Thermophilic (>45°C)",3.5,248,9,NA,NA,NA,257,0.03501945525291829,0.9649805447470816,0,0,-0.9299610885642022,Aquatic Specialist,-0.9299610885642022
Thermocladium modestius,https://bacdive.dsmz.de/strain/160866,NA,NA,11,NA,NA,NA,NA,11,0,1,0,0,-0.999999999,Aquatic Specialist,-0.999999999
Methanothermobacter tenebrarum,https://bacdive.dsmz.de/strain/23082,"#Environmental, #Aquatic, #Environmental, #Terrestrial, #Geologic",7.3,42,3,NA,1,NA,46,0.06521739130434782,0.9130434782608696,0,0.0217391304347826,-0.8666666657807408,Aquatic Specialist,-0.8666666657807408
Halorubrum cibi,https://bacdive.dsmz.de/strain/5956,"#Engineered, #Food production, #Seafood, #Host, #Arthropoda, #Crustacea, #Engineered, #Food production, #Fermented",NA,48,3,1,NA,NA,52,0.05769230769230769,0.9230769230769232,0.01923076923076923,0,-0.8823529402768167,Aquatic Specialist,-0.8823529402768167
Halorubrum vacuolatum,https://bacdive.dsmz.de/strain/5943,NA,NA,35,1,NA,NA,NA,36,0.02777777777777777,0.9722222222222222,0,0,-0.9444444435,Aquatic Specialist,-0.9444444435
Halomarina oriensis,https://bacdive.dsmz.de/strain/161795,NA,NA,134,47,6,NA,NA,187,0.25133689839572193,0.7165775401069518,0.03208556149732621,0,-0.4806629829288178,Generalist / Mixed,-0.4806629829288178
Natrinema hispanicum,https://bacdive.dsmz.de/strain/5886,"#Environmental, #Aquatic, #Lake (large), #Condition, #Saline",NA,67,5,NA,NA,NA,72,0.06944444444444445,0.9305555555555556,0,0,-0.86111111025,Aquatic Specialist,-0.86111111025
Haloplanus ruber,https://bacdive.dsmz.de/strain/161995,NA,NA,24,2,NA,NA,NA,26,0.07692307692307693,0.9230769230769232,0,0,-0.8461538453076923,Aquatic Specialist,-0.8461538453076923
Salinibaculum litoreum,https://bacdive.dsmz.de/strain/163950,NA,NA,81,4,3,NA,NA,88,0.04545454545454545,0.9204545454545454,0.03409090909090909,0,-0.905882352003322,Aquatic Specialist,-0.905882352003322
Halobacterium jilantaiense,https://bacdive.dsmz.de/strain/161379,NA,NA,7,8,NA,NA,NA,15,0.5333333333333333,0.4666666666666667,0,0,0.06666666659999998,Generalist / Mixed,0.06666666659999998
Methanoregula boonei,https://bacdive.dsmz.de/strain/17856,"#Environmental, #Terrestrial, #Wetland (Swamp), #Condition, #Acidic",5.1,246,120,NA,10,NA,376,0.3191489361702128,0.6542553191489362,0,0.02659574468085106,-0.34426229472829883,Generalist / Mixed,-0.34426229472829883
Halobellus rufus,https://bacdive.dsmz.de/strain/162496,NA,NA,13,5,NA,NA,NA,18,0.2777777777777778,0.7222222222222222,0,0,-0.44444444399999994,Generalist / Mixed,-0.44444444399999994
Thermoplasma acidophilum,https://bacdive.dsmz.de/strain/17017,"#Engineered, #Other, #Mine, #Engineered, #Waste, #Solid waste",NA,38,NA,NA,NA,NA,38,0,1,0,0,-0.999999999,Aquatic Specialist,-0.999999999
Haloprofundus marisrubri,https://bacdive.dsmz.de/strain/133308,"#Environmental, #Aquatic, #Marine, #Condition, #Saline",7,18,7,1,NA,NA,26,0.2692307692307692,0.6923076923076923,0.03846153846153846,0,-0.4399999995424,Generalist / Mixed,-0.4399999995424
Halodesulfurarchaeum formicicum,https://bacdive.dsmz.de/strain/163850,NA,NA,13,3,NA,NA,NA,16,0.1875,0.8125,0,0,-0.624999999375,Generalist / Mixed,-0.624999999375
Thermococcus henrietii,https://bacdive.dsmz.de/strain/166924,NA,NA,25,2,NA,NA,NA,27,0.07407407407407407,0.925925925925926,0,0,-0.8518518509999999,Aquatic Specialist,-0.8518518509999999
Methanolobus bombayensis,https://bacdive.dsmz.de/strain/7080,"#Environmental, #Aquatic, #Marine, #Environmental, #Aquatic, #Sediment",NA,36,2,NA,NA,NA,38,0.05263157894736842,0.9473684210526316,0,0,-0.8947368412105261,Aquatic Specialist,-0.8947368412105261
Ferroplasma acidiphilum,https://bacdive.dsmz.de/strain/5461,"#Engineered, #Industrial, #Plant (Factory), #Environmental, #Aquatic",NA,56,1,1,NA,NA,58,0.01724137931034482,0.9655172413793104,0.01724137931034482,0,-0.9649122797199138,Aquatic Specialist,-0.9649122797199138
Halapricum salinum,https://bacdive.dsmz.de/strain/162591,NA,NA,65,14,NA,NA,NA,79,0.17721518987341772,0.8227848101265823,0,0,-0.645569619607595,Generalist / Mixed,-0.645569619607595
Picrophilus oshimae,https://bacdive.dsmz.de/strain/11900,"#Environmental, #Terrestrial, #Volcanic",NA,38,1,NA,1,NA,40,0.025,0.95,0,0.025,-0.9487179477449048,Aquatic Specialist,-0.9487179477449048
Halarchaeum grantii,https://bacdive.dsmz.de/strain/162559,NA,NA,14,1,NA,NA,NA,15,0.06666666666666667,0.9333333333333332,0,0,-0.8666666658,Aquatic Specialist,-0.8666666658
Halopelagius longus,https://bacdive.dsmz.de/strain/134022,"#Engineered, #Other, #Mine, #Condition, #Saline",7.15,36,8,NA,NA,NA,44,0.18181818181818185,0.8181818181818182,0,0,-0.6363636357272727,Generalist / Mixed,-0.6363636357272727
Acidianus infernus,https://bacdive.dsmz.de/strain/16642,"#Environmental, #Terrestrial, #Mud (Sludge)",NA,13,NA,NA,NA,NA,13,0,1,0,0,-0.999999999,Aquatic Specialist,-0.999999999
Metallosphaera tengchongensis,https://bacdive.dsmz.de/strain/168227,NA,NA,17,NA,NA,NA,NA,17,0,1,0,0,-0.999999999,Aquatic Specialist,-0.999999999
Haloplanus rallus,https://bacdive.dsmz.de/strain/159759,"#Condition, #Saline",7,25,1,NA,NA,NA,26,0.03846153846153846,0.9615384615384616,0,0,-0.9230769221538462,Aquatic Specialist,-0.9230769221538462
Conexivisphaera calida,https://bacdive.dsmz.de/strain/158879,"#Environmental, #Aquatic, #Thermal spring, #Condition, #Thermophilic (>45°C)",NA,24,NA,NA,NA,NA,24,0,1,0,0,-0.999999999,Aquatic Specialist,-0.999999999
Archaeoglobus fulgidus,https://bacdive.dsmz.de/strain/18096,"#Environmental, #Aquatic, #Marine, #Environmental, #Aquatic, #Thermal spring, #Condition, #Thermophilic (>45°C)",NA,91,3,1,NA,NA,95,0.03157894736842105,0.9578947368421052,0.01052631578947368,0,-0.936170211819828,Aquatic Specialist,-0.936170211819828
Halalkalirubrum salinum,https://bacdive.dsmz.de/strain/164649,NA,NA,135,38,3,NA,NA,176,0.2159090909090909,0.7670454545454546,0.01704545454545454,0,-0.5606936410480804,Generalist / Mixed,-0.5606936410480804
Halopelagius inordinatus,https://bacdive.dsmz.de/strain/133592,"#Environmental, #Aquatic, #Marine, #Condition, #Saline, #Engineered, #Industrial, #Industrial production, #Environmental, #Terrestrial, #Coast",6.5,70,116,15,NA,NA,201,0.5771144278606966,0.3482587064676617,0.07462686567164178,0,0.24731182768973295,Generalist / Mixed,0.24731182768973295
Halomicroarcula limicola,https://bacdive.dsmz.de/strain/162270,NA,NA,21,27,NA,NA,NA,48,0.5625,0.4375,0,0,0.124999999875,Generalist / Mixed,0.124999999875
Halogeometricum limi,https://bacdive.dsmz.de/strain/133594,"#Environmental, #Aquatic, #Marine, #Condition, #Saline, #Engineered, #Industrial, #Industrial production, #Environmental, #Terrestrial, #Coast",7,10,NA,NA,NA,NA,10,0,1,0,0,-0.999999999,Aquatic Specialist,-0.999999999
Halorussus salinus,https://bacdive.dsmz.de/strain/163692,NA,NA,4,18,NA,NA,NA,22,0.8181818181818182,0.18181818181818185,0,0,0.6363636357272727,Generalist / Mixed,0.6363636357272727
Halomicroarcula pellucida,https://bacdive.dsmz.de/strain/133995,"#Engineered, #Food production, #Food",7,16,22,NA,NA,NA,38,0.5789473684210527,0.42105263157894735,0,0,0.15789473668421056,Generalist / Mixed,0.15789473668421056
Methanococcoides methylutens,https://bacdive.dsmz.de/strain/7058,"#Environmental, #Aquatic, #Marine, #Environmental, #Aquatic, #Sediment",NA,53,2,NA,NA,NA,55,0.03636363636363636,0.9636363636363636,0,0,-0.9272727263454544,Aquatic Specialist,-0.9272727263454544
Sulfolobus acidocaldarius,https://bacdive.dsmz.de/strain/16649,"#Environmental, #Aquatic, #Thermal spring, #Condition, #Acidic, #Condition, #Thermophilic (>45°C)",NA,22,1,NA,NA,NA,23,0.04347826086956521,0.9565217391304348,0,0,-0.913043477347826,Aquatic Specialist,-0.913043477347826
Natrinema altunense,https://bacdive.dsmz.de/strain/161280,NA,NA,34,4,NA,1,NA,39,0.10256410256410256,0.8717948717948718,0,0.02564102564102564,-0.7894736834002771,Generalist / Mixed,-0.7894736834002771
Haloferax sulfurifontis,https://bacdive.dsmz.de/strain/5936,"#Environmental, #Aquatic, #Spring, #Environmental, #Microbial community, #Microbial mat, #Condition, #Sulfuric",NA,8,2,NA,NA,NA,10,0.2,0.8,0,0,-0.5999999994,Generalist / Mixed,-0.5999999994
Thermococcus kodakarensis,https://bacdive.dsmz.de/strain/161223,NA,NA,25,2,NA,NA,NA,27,0.07407407407407407,0.925925925925926,0,0,-0.8518518509999999,Aquatic Specialist,-0.8518518509999999
Halomicrobium mukohataei,https://bacdive.dsmz.de/strain/5875,"#Environmental, #Aquatic, #Lake (large)",7,10,3,NA,NA,NA,13,0.2307692307692308,0.7692307692307693,0,0,-0.5384615379230769,Generalist / Mixed,-0.5384615379230769
Acidianus brierleyi,https://bacdive.dsmz.de/strain/16640,"#Environmental, #Aquatic, #Thermal spring",NA,12,NA,NA,NA,NA,12,0,1,0,0,-0.999999999,Aquatic Specialist,-0.999999999
Natrinema thermotolerans,https://bacdive.dsmz.de/strain/5885,"#Engineered, #Food production, #Seafood, #Host, #Arthropoda, #Crustacea, #Engineered, #Food production, #Fermented",NA,5,6,1,NA,NA,12,0.5,0.4166666666666667,0.08333333333333333,0,0.09090909080991733,Generalist / Mixed,0.09090909080991733
Natrinema pallidum,https://bacdive.dsmz.de/strain/5889,"#Host, #Fishes, #Condition, #Saline",NA,34,4,NA,1,NA,39,0.10256410256410256,0.8717948717948718,0,0.02564102564102564,-0.7894736834002771,Generalist / Mixed,-0.7894736834002771
Haloarcula mannanilytica,https://bacdive.dsmz.de/strain/164675,NA,NA,11,13,2,NA,NA,26,0.5,0.4230769230769231,0.07692307692307693,0,0.08333333324305556,Generalist / Mixed,0.08333333324305556
Thermococcus stetteri,https://bacdive.dsmz.de/strain/16864,"#Environmental, #Aquatic, #Marine, #Environmental, #Terrestrial, #Volcanic",NA,25,2,NA,NA,NA,27,0.07407407407407407,0.925925925925926,0,0,-0.8518518509999999,Aquatic Specialist,-0.8518518509999999
Haloplanus salinarum,https://bacdive.dsmz.de/strain/158747,"#Engineered, #Other, #Mine, #Condition, #Saline",8,25,1,NA,NA,NA,26,0.03846153846153846,0.9615384615384616,0,0,-0.9230769221538462,Aquatic Specialist,-0.9230769221538462
Sulfurisphaera ohwakuensis,https://bacdive.dsmz.de/strain/16639,"#Environmental, #Aquatic, #Thermal spring, #Condition, #Thermophilic (>45°C)",NA,24,NA,1,NA,NA,25,0,0.96,0.04,0,-0.9999999989583334,Aquatic Specialist,-0.9999999989583334
Thermococcus nautili,https://bacdive.dsmz.de/strain/160706,NA,NA,25,2,NA,NA,NA,27,0.07407407407407407,0.925925925925926,0,0,-0.8518518509999999,Aquatic Specialist,-0.8518518509999999
Methanococcus vannielii,https://bacdive.dsmz.de/strain/6993,"#Environmental, #Aquatic, #Marine, #Environmental, #Terrestrial, #Mud (Sludge), #Environmental, #Aquatic, #Sediment",NA,101,3,2,NA,NA,106,0.02830188679245283,0.9528301886792452,0.01886792452830188,0,-0.9423076913472632,Aquatic Specialist,-0.9423076913472632
Staphylothermus hellenicus,https://bacdive.dsmz.de/strain/4203,"#Environmental, #Aquatic, #Marine, #Environmental, #Aquatic, #Sediment, #Condition, #Thermophilic (>45°C)",6,67,1,NA,NA,NA,68,0.01470588235294117,0.9852941176470588,0,0,-0.9705882343235296,Aquatic Specialist,-0.9705882343235296
Ignisphaera aggregans,https://bacdive.dsmz.de/strain/4192,"#Environmental, #Aquatic, #Thermal spring, #Condition, #Thermophilic (>45°C)",6.4,26,NA,NA,NA,NA,26,0,1,0,0,-0.999999999,Aquatic Specialist,-0.999999999
Halobellus ramosii,https://bacdive.dsmz.de/strain/134047,"#Condition, #Saline",8,25,8,NA,NA,NA,33,0.24242424242424243,0.7575757575757576,0,0,-0.51515151463636355,Generalist / Mixed,-0.51515151463636355
Metallosphaera sedula,https://bacdive.dsmz.de/strain/16645,"#Environmental, #Aquatic, #Pond (small), #Condition, #Thermophilic (>45°C)",NA,29,NA,1,NA,NA,30,0,0.9666666666666668,0.03333333333333333,0,-0.9999999989655172,Aquatic Specialist,-0.9999999989655172
