Lake,Age (yr),Age,Depth,Botryoccocus,Pediastrum,Volvocales,total pollen and algae sum,total pollen sum
Btoko Lake,108,0.108,1,15,,,388,373
Btoko Lake,278,0.278,2,13,,,416,403
Btoko Lake,619,0.619,4,16,0,,562,546
Btoko Lake,907,0.907,6,21,,,405,383
Btoko Lake,1130,1.13,8,15,,,453,438
Btoko Lake,1355,1.355,10,15,2,,407,390
Btoko Lake,1636,1.636,12,14,,,393,379
Btoko Lake,2310,2.31,16,13,,,405,392
Btoko Lake,3370,3.37,20,5,,,371,366
Btoko Lake,4463,4.463,24,16,,,459,443
Btoko Lake,5331,5.331,28,10,,,460,450
Btoko Lake,5701,5.701,30,6,,,491,485
Btoko Lake,6081,6.081,32,2,,,395,393
Btoko Lake,6879,6.879,36,4,1,,394,389
Btoko Lake,7676,7.676,40,11,,,356,345
Btoko Lake,8413,8.413,44,4,1,,438,433
Btoko Lake,8983,8.983,48,5,,,474,469
Btoko Lake,9364,9.364,52,4,,,445,441
Btoko Lake,9517,9.517,56,12,,,509,496
Btoko Lake,9621,9.621,60,2,,,404,402
Btoko Lake,9883,9.883,64,3,,,439,436
Btoko Lake,10160,10.16,68,1,,,426,424
Btoko Lake,10444,10.444,72,7,,,414,407
Btoko Lake,10581,10.581,74,5,,,442,437
Btoko Lake,10720,10.72,76,5,,,437,432
Btoko Lake,10875,10.875,78,9,1,,461,451
Btoko Lake,11016,11.016,80,11,1,,311,298
Btoko Lake,11155,11.155,82,8,,,239,230
Btoko Lake,11287,11.287,84,,,,19,19
Btoko Lake,11426,11.426,86,6,1,,312,305
Btoko Lake,11526,11.526,87.5,35,,,269,233
Btoko Lake,11564,11.564,88,,,,11,11
Btoko Lake,11674,11.674,89.5,17,,,279,261
Btoko Lake,11713,11.713,90,8,,,384,374
Btoko Lake,11826,11.826,91.5,7,,,227,220
Btoko Lake,11864,11.864,92,,,,13,13
Btoko Lake,12021,12.021,94,1,,,9,8
Btoko Lake,12165,12.165,96,6,,,199,192
Btoko Lake,12754,12.754,104,4,1,,283,277
Btoko Lake,12891,12.891,106,,,,33,33
Btoko Lake,13598,13.598,116,,,,179,179
Btoko Lake,14301,14.301,126,1,,,288,287
Btoko Lake,15022,15.022,136,,,,215,215
Btoko Lake,15705,15.705,146,,,,148,147
Btoko Lake,16641,16.641,156,1,,,244,243
Btoko Lake,17779,17.779,166,,,,69,69
Btoko Lake,18914,18.914,176,,,,65,65
Btoko Lake,20051,20.051,186,3,,,261,258
Btoko Lake,21215,21.215,196,4,,,309,305
Btoko Lake,22356,22.356,206,2,,,302,300
Btoko Lake,23506,23.506,216,,,,414,414
Btoko Lake,24658,24.658,226,2,,,309,307
Btoko Lake,25823,25.823,236,5,,,401,396
Btoko Lake,26965,26.965,246,,,,327,327
Btoko Lake,27732,27.732,256,1,,,305,304
Btoko Lake,28252,28.252,266,1,,,280,279
Btoko Lake,28807,28.807,276,1,,,366,365
Btoko Lake,29369,29.369,286,2,,,513,510
Btoko Lake,29940,29.94,296,,,,350,350
Btoko Lake,30499,30.499,306,1,,,395,394
Btoko Lake,31070,31.07,316,1,,,377,376
Btoko Lake,31629,31.629,326,1,,,338,337
Btoko Lake,32199,32.199,336,3,,,197,194
Btoko Lake,32773,32.773,346,1,,,181,180
Btoko Lake,33322,33.322,356,,,,206,206
Btoko Lake,33863,33.863,366,1,,,214,213
Btoko Lake,34415,34.415,374,1,1,,349,346
Lama Lake,23.45455,0.02345455,1,1,0,,598,597
Lama Lake,234.5455,0.2345455,10,3,0,,480,477
Lama Lake,480.8182,0.4808182,20.5,0,0,,443,443
Lama Lake,715.3636,0.7153636,30.5,3,2,,456,451
Lama Lake,949.9091,0.9499091,40.5,3,0,,750,747
Lama Lake,1184.455,1.184455,50.5,7,1,,341,333
Lama Lake,1313.455,1.313455,56,4,1,,330,325
Lama Lake,1641.818,1.641818,70,0,0,,256,256
Lama Lake,1782.545,1.782545,76,5,1,,545,539
Lama Lake,1993.636,1.993636,85,0,3,,300,297
Lama Lake,2251.636,2.251636,96,1,0,,556,555
Lama Lake,2462.727,2.462727,105,0,2,,351,349
Lama Lake,2742.316,2.742316,116,8,0,,523,515
Lama Lake,2985.79,2.98579,125,0,1,,394,393
Lama Lake,3283.368,3.283368,136,6,0,,666,660
Lama Lake,3526.842,3.526842,145,0,0,,389,389
Lama Lake,3824.421,3.824421,156,1,0,,589,588
Lama Lake,4067.895,4.067895,165,0,0,,392,392
Lama Lake,4365.474,4.365474,176,4,3,,565,558
Lama Lake,4608.947,4.608947,185,0,0,,497,497
Lama Lake,4906.526,4.906526,196,4,0,,591,587
Lama Lake,5165.2,5.1652,206,0,1,,500,499
Lama Lake,5317.2,5.3172,216,5,0,,577,572
Lama Lake,5454,5.454,225,2,0,,690,688
Lama Lake,5621.2,5.6212,236,2,0,,575,573
Lama Lake,5758,5.758,245,0,0,,515,515
Lama Lake,5925.2,5.9252,256,4,0,,554,550
Lama Lake,6062,6.062,265,0,0,,461,461
Lama Lake,6224.004,6.224004,276,0,2,,617,615
Lama Lake,6355.303,6.355303,285,0,0,,525,525
Lama Lake,6515.779,6.515779,296,0,1,,562,561
Lama Lake,6617.9,6.6179,303,0,0,,414,414
Lama Lake,6763.788,6.763788,313,0,0,,406,406
Lama Lake,7055.563,7.055563,333,0,0,,0,508
Lama Lake,7347.338,7.347338,353,0,0,,508,550
Lama Lake,7507.814,7.507814,364,6,1,,0,571
Lama Lake,7639.113,7.639113,373,0,0,,550,409
Lama Lake,7799.589,7.799589,384,2,0,,578,546
Lama Lake,8091.364,8.091364,404,3,0,,409,574
Lama Lake,8222.662,8.222662,413,0,1,,548,536
Lama Lake,8383.139,8.383139,424,1,0,,0,563
Lama Lake,8514.438,8.514438,433,0,0,,577,467
Lama Lake,8674.913,8.674913,444,6,0,,537,583
Lama Lake,8820.801,8.820801,454,0,0,,564,462
Lama Lake,8966.688,8.966688,464,1,0,,467,565
Lama Lake,9097.987,9.097987,473,0,0,,589,458
Lama Lake,9258.463,9.258463,484,0,0,,462,573
Lama Lake,9552.735,9.552735,504,4,3,,566,639
Lama Lake,9688.12,9.68812,513,0,0,,458,457
Lama Lake,9853.59,9.85359,524,1,1,,573,546
Lama Lake,10154.44,10.15444,544,1,0,,0,544
Lama Lake,10289.83,10.28983,553,0,0,,646,476
Lama Lake,10425,10.425,564,0,1,,457,508
Lama Lake,10547.44,10.54744,574,1,0,,548,527
Lama Lake,10753.02,10.75302,587,5,0,,0,558
Lama Lake,10917.84,10.91784,597,7,0,,545,589
Lama Lake,11090.81,11.09081,607,6,0,,476,650
Lama Lake,11263.78,11.26378,617,7,0,,509,489
Lama Lake,11436.76,11.43676,627,7,0,,528,665
Lama Lake,11630.85,11.63085,637,6,0,,563,409
Lama Lake,11831.99,11.83199,647,3,0,,596,728
Lama Lake,12033.13,12.03313,657,7,0,,656,544
Lama Lake,12234.26,12.23426,667,10,1,,496,423
Lama Lake,12435.4,12.4354,677,12,0,,672,394
Lama Lake,12636.53,12.63653,687,1,1,,415,445
Lama Lake,12837.67,12.83767,697,3,2,,731,626
Lama Lake,13038.81,13.03881,707,1,0,,551,383
Lama Lake,13239.94,13.23994,717,5,2,,434,659
Lama Lake,13372.94,13.37294,727,0,1,,406,786
Lama Lake,13502.35,13.50235,737,0,1,,447,404
Lama Lake,13631.76,13.63176,747,0,1,,631,891
Lama Lake,13761.18,13.76118,757,0,0,,384,317
Lama Lake,13948,13.948,767,0,1,,666,469
Lama Lake,14159.43,14.15943,777,0,0,,787,412
Lama Lake,14370.86,14.37086,787,0,0,,405,310
Lama Lake,14582.29,14.58229,797,0,0,,892,326
Lama Lake,14793.71,14.79371,807,1,0,,317,106
Lama Lake,15005.14,15.00514,817,1,0,,470,273
Lama Lake,15216.57,15.21657,827,0,0,,412,235
Lama Lake,15428,15.428,837,0,1,,310,294
Lama Lake,15618.29,15.61829,846,0,0,,326,271
Lama Lake,15639.43,15.63943,847,0,0,,107,366
Lama Lake,16041.14,16.04114,866,0,0,,274,386
Lama Lake,16146.86,16.14686,871,0,0,,235,229
Lama Lake,16252.57,16.25257,876,0,0,,295,326
Lama Lake,16485.14,16.48514,887,0,0,,271,278
Lama Lake,16781.14,16.78114,901,0,0,,366,131
Lama Lake,17013.71,17.01371,912,0,0,,386,96
Lama Lake,17204,17.204,921,0,0,,229,204
Lama Lake,17415.43,17.41543,931,0,0,,326,303
Lama Lake,17648,17.648,942,0,0,,0,197
Lama Lake,17838.29,17.83829,951,0,0,,278,130
Lama Lake,18049.71,18.04971,961,0,0,,0,116
Lama Lake,18261.14,18.26114,971,0,0,,131,109
Lama Lake,18493.71,18.49371,982,0,0,,96,188
Lama Lake,18705.14,18.70514,992,0,0,,204,230
Lama Lake,18916.57,18.91657,1002,0,0,,303,179
Lama Lake,19106.86,19.10686,1011,0,0,,197,135
Lama Lake,19318.29,19.31829,1021,0,0,,130,102
Lama Lake,19529.71,19.52971,1031,0,0,,116,99
Lama Lake,19762.29,19.76229,1042,1,0,,109,203
Lama Lake,19952.57,19.95257,1051,0,0,,188,119
Lama Lake,20185.14,20.18514,1062,0,0,,230,103
Lama Lake,20375.43,20.37543,1071,0,0,,179,31
Lama Lake,20586.86,20.58686,1081,0,0,,135,117
Lama Lake,20819.43,20.81943,1092,0,0,,102,114
Lama Lake,21009.71,21.00971,1101,0,0,,99,149
Lama Lake,21178.86,21.17886,1109,0,0,,204,129
Lele Lake,8,0.008,4,2,,2,300,295
Lele Lake,881,0.881,44,,1,60,409,347
Lele Lake,1731,1.731,83,4,,150,384,229
Lele Lake,2405,2.405,114,1,,310,571,258
Lele Lake,3277,3.277,154,,,160,480,319
Lele Lake,3754,3.754,174,,,64,361,295
Lele Lake,4026,4.026,185,,,185,414,227
Lele Lake,4660.5,4.6605,210.7,2,,280,592,309
Lele Lake,5611,5.611,249,1,4,380,673,288
Lele Lake,6562,6.562,287,,,620,827,207
Lele Lake,7115,7.115,309,3,,950,1311,357
Lele Lake,7846.5,7.8465,338.1,,2,420,715,293
Lele Lake,8863,8.863,379,,2,860,1200,338
Lele Lake,9011,9.011,385,1,,435,687,250
Lele Lake,9738.5,9.7385,414.1,1,1,405,762,355
Lele Lake,10502,10.502,445,,,100,363,263
Lele Lake,11162,11.162,474,1,,80,318,237
Lele Lake,11319,11.319,482,1,,60,317,256
Lele Lake,11548,11.548,495,2,,470,766,294
Lele Lake,11708,11.708,504,1,,246,580,333
Lele Lake,11875,11.875,513.2,1,,90,329,238
Lele Lake,12070,12.07,524.1,,,510,791,281
Lele Lake,12246,12.246,534.1,,,640,982,342
Lele Lake,12389.5,12.3895,542.3,1,1,120,398,276
Lele Lake,12575,12.575,553,1,,106,379,272
Lele Lake,12944,12.944,574,2,,460,763,301
Lele Lake,13050,13.05,580,,,515,723,208
Lele Lake,13627,13.627,612,1,,765,1042,275
Lele Lake,14021,14.021,634,1,,840,1122,277
Lele Lake,14374,14.374,653.3,8,9,2900,3090,170
Lele Lake,14563,14.563,663.7,,2,315,585,259
Lele Lake,14749,14.749,674.2,1,,640,880,238
Lele Lake,15030,15.03,690,2,15,1100,1304,186
Lele Lake,15083,15.083,693,8,2,660,957,287
Lele Lake,15273.5,15.2735,703.7,,,330,554,224
Lele Lake,15451.5,15.4515,713.7,1,1,960,1253,291
Lele Lake,15628.5,15.6285,723.7,,,135,356,221
Lele Lake,15804.5,15.8045,733.7,,3,925,1261,331
Lele Lake,15967.5,15.9675,743.7,,,520,781,261
Lele Lake,16114,16.114,754,,,410,601,191
Lele Lake,16236,16.236,763,14,4,2600,2966,340
Lele Lake,16361,16.361,773.2,5,2,1560,1839,272
Lele Lake,16471,16.471,782,3,1,190,438,244
Lele Lake,16746,16.746,803.5,4,,870,1157,282
Lele Lake,16844.5,16.8445,811.3,6,6,305,637,319
Lele Lake,17014.5,17.0145,824.7,5,2,880,1164,275
Lele Lake,17116.5,17.1165,832.7,8,12,200,463,242
Lele Lake,17230.5,17.2305,841.7,1,1,560,762,200
Lele Lake,17430,17.43,857.7,,2,365,587,219
Lele Lake,17596,17.596,871,2,10,150,316,154
Lele Lake,17708,17.708,880,1,5,2350,2611,254
Lele Lake,17982,17.982,902,11,4,1460,1736,261
Lele Lake,18355,18.355,931.7,3,2,1680,1957,271
Lele Lake,18732,18.732,962,2,1,1105,1300,192
Lele Lake,18843,18.843,971,5,12,590,797,190
Lele Lake,19494,19.494,1022.5,9,5,1640,1831,177
Lele Lake,19864,19.864,1052,,2,1340,1604,262
Lele Lake,20253,20.253,1083,14,4,2580,2876,278
Lele Lake,20405,20.405,1095,2,8,580,807,212
Lele Lake,20746,20.746,1122,9,3,1090,1363,259
Lele Lake,21097,21.097,1150,1,8,470,806,327
Lele Lake,21359,21.359,1171,6,6,1560,1800,228
Lele Lake,21648,21.648,1194,,10,975,1176,190
Lele Lake,22193,22.193,1237.2,4,5,4500,4806,295
Lele Lake,22804,22.804,1286,2,8,2030,2282,237
Lele Lake,23303,23.303,1325.7,2,4,2630,2893,257
Lele Lake,24037,24.037,1384.3,12,21,4340,4669,295
Lele Lake,24070,24.07,1387,5,59,1320,1645,248
Lele Lake,24782,24.782,1444.1,1,8,370,596,216
Lele Lake,25315,25.315,1483,,11,380,539,141
Lele Lake,25590,25.59,1500.6,7,21,370,644,243
Lele Lake,26518.5,26.5185,1560.3,2,6,1150,1410,247
Lele Lake,26794,26.794,1578,6,12,435,613,156
Lele Lake,28470,28.47,1685.8,16,2,1780,1969,171
Lele Lake,29349,29.349,1742,6,8,3120,3458,321
Lele Lake,30099,30.099,1792,1,14,300,515,194
Lele Lake,31375,31.375,1882,2,16,500,725,207
Lele Lake,32297,32.297,1947.6,7,2,375,689,305
Lele Lake,32661,32.661,1973,5,2,290,526,228
Lele Lake,33254,33.254,2015.2,6,16,530,883,331
Lele Lake,34102,34.102,2075.7,17,2,1390,1645,235
Lele Lake,34377,34.377,2095,4,9,200,448,234
Lele Lake,34508,34.508,2104.2,,1,760,926,164
Lele Lake,35489,35.489,2165.2,4,,850,1156,302
Lele Lake,35977,35.977,2194,1,21,260,544,253
Lele Lake,36929.5,36.9295,2250.7,5,2,2600,2963,355
Lele Lake,37745,37.745,2299,5,6,1840,2094,243
Lele Lake,38473.5,38.4735,2342.7,8,1,1340,1610,259
Lele Lake,39397,39.397,2398,7,11,2270,2553,264
Lele Lake,40497.5,40.4975,2463.5,2,,294,587,291
Lele Lake,40952,40.952,2492,2,5,2570,2822,243
Lele Lake,41697.5,41.6975,2543.1,5,1,1465,1739,268
Lele Lake,42292,42.292,2584,13,18,1020,1328,272
Lele Lake,43100.5,43.1005,2639.5,12,1,1710,1980,257
Lele Lake,43905,43.905,2695,4,10,4800,5062,241
Lele Lake,44837.5,44.8375,2759.5,1,1,450,710,257
Lele Lake,45260,45.26,2788,2,5,3100,3356,241
Lele Lake,46362,46.362,2861.4,1,2,1500,1729,225
Lele Lake,46643,46.643,2880,,,2200,2460,260
Lele Lake,46847,46.847,2894,6,21,2900,3169,240
Lele Lake,47285.5,47.2855,2922.9,1,1,2440,2765,323
Lele Lake,48282,48.282,2988,14,9,2820,3106,258
Lele Lake,49034.5,49.0345,3037.1,,1,6200,6538,336
Lele Lake,49842,49.842,3091,2,,4300,4505,200
Lele Lake,50332.5,50.3325,3124.1,13,,3585,3868,268
Lele Lake,51256,51.256,3186,5,,1460,1742,275
Lele Lake,52034.5,52.0345,3238.3,29,4,3470,3841,338
Lele Lake,52414,52.414,3264,,,110,243,130
Lele Lake,52995.5,52.9955,3303.3,26,2,170,377,178
Lele Lake,53949,53.949,3364,8,10,1000,1216,197
Lele Lake,54605,54.605,3406,2,12,350,567,198
Lele Lake,55367,55.367,3454,10,1,290,546,244
Lele Lake,55939,55.939,3488,1,9,30,195,155
Lele Lake,57059,57.059,3544.6,12,4,100,367,250
Lele Lake,57907,57.907,3587,1,3,135,396,257
Lele Lake,58306,58.306,3607.3,23,2,465,777,284
Lele Lake,59772,59.772,3678,3,20,390,613,197
Lele Lake,61055,61.055,3727,1,11,440,743,289
Lele Lake,,0,3810,1,2,210,424,211
Lele Lake,,0,3894,3,12,,259,237
Lele Lake,,0,3994,2,5,,230,217
Lele Lake,,0,4097,2,12,,224,204
Lele Lake,,0,4196,6,28,,243,202
Lele Lake,,0,4298,1,3,,281,273
Lele Lake,,0,4398,18,61,,309,228
Salmon Lake,-60,-0.06,1,1,8,275,555,269
Salmon Lake,77,0.077,13,,,278,583,305
Salmon Lake,1180,1.18,63,,2,147,460,311
Salmon Lake,1769,1.769,113,5,16,477,834,334
Salmon Lake,2566,2.566,163,,1,1450,1794,341
Salmon Lake,3715,3.715,213,3,1,1170,1457,283
Salmon Lake,3773,3.773,263,1,,45,358,312
Salmon Lake,3912,3.912,313,,3,957,1310,347
Salmon Lake,5190,5.19,362,1,1,230,538,306
Salmon Lake,6292,6.292,412,6,4,695,969,264
Salmon Lake,6943,6.943,464,,1,805,1142,336
Salmon Lake,7550,7.55,514,12,3,227,565,323
Salmon Lake,8756,8.756,564,5,1,1015,1409,388
Salmon Lake,9737,9.737,614,8,,2250,2530,271
Salmon Lake,10523,10.523,665,,5,692,971,274
Salmon Lake,12065,12.065,715,2,4,346,638,286
Salmon Lake,12730,12.73,765,,1,386,725,338
Salmon Lake,13748,13.748,815,5,,1618,1945,322
Salmon Lake,14535,14.535,865,2,2,716,965,245
Salmon Lake,15320,15.32,915,1,1,386,696,308
Salmon Lake,16616,16.616,965,,4,220,549,325
Salmon Lake,17625,17.625,1015,,,402,709,307
Salmon Lake,18801,18.801,1065,,1,50,342,291
Salmon Lake,20044,20.044,1165,1,4,205,502,292
Salmon Lake,21410,21.41,1115,6,2,603,895,284
Salmon Lake,23136,23.136,1225,,2,1752,2069,315
Salmon Lake,24171,24.171,1265,1,1,1413,1757,342
Salmon Lake,25413,25.413,1315,1,1,260,602,340
Salmon Lake,27142,27.142,1371,,1,1580,1964,383
Salmon Lake,28535,28.535,1421,1,,1057,1269,211
Salmon Lake,30055,30.055,1471,1,,1320,1689,367
Salmon Lake,31651,31.651,1521,6,,1714,2010,290
Salmon Lake,33688,33.688,1577,,2,810,1067,255
Salmon Lake,35238,35.238,1627,2,,3500,3779,277
Salmon Lake,36942,36.942,1678,10,1,1740,2057,306
Ulu Lake,1344,1.344,10,220,,1455,1998,323
Ulu Lake,2744,2.744,15,199,,805,1433,429
Ulu Lake,3248,3.248,20,170,,1420,1928,338
Ulu Lake,4024,4.024,25,163,5,445,1051,438
Ulu Lake,5535,5.535,30,325,10,940,1627,352
Ulu Lake,7479,7.479,35,190,3,625,1202,384
Ulu Lake,8389,8.389,45,70,4,460,854,320
Ulu Lake,10159,10.159,50,130,,1300,1747,317
Ulu Lake,12158,12.158,55,24,4,700,1117,389
Ulu Lake,13635,13.635,60,15,,437,780,328
Ulu Lake,15433,15.433,65,13,,440,830,377
Ulu Lake,16572,16.572,70,43,,341,768,384
Ulu Lake,17593,17.593,75,25,1,317,662,319
Ulu Lake,18024,18.024,85,5,,112,432,315
Ulu Lake,18560,18.56,95,52,1,416,819,350
Ulu Lake,19035,19.035,103,77,3,1021,1406,305
Ulu Lake,19997,19.997,118,28,3,1610,1953,312
Ulu Lake,23560,23.56,138,36,3,4480,4894,375
Ulu Lake,34546,34.546,158,1,1,5,187,180
Ulu Lake,40292,40.292,197,3,,15,182,164
Ulu Lake,26681,26.681,236.5,,1,37,355,317
Ulu Lake,27093,27.093,256.5,,1,16,271,254
Ulu Lake,28495,28.495,302.5,25,1,33,306,247
Ulu Lake,29104,29.104,322.5,4,,22,271,245
Ulu Lake,31266,31.266,403.5,4,1,20,276,251
Ulu Lake,32341,32.341,463.5,,,9,136,127
Ulu Lake,33359,33.359,520,1,,18,252,233
Ulu Lake,34071,34.071,560,,,10,238,228
Ulu Lake,35156,35.156,621.5,2,,8,163,153
Ulu Lake,36149,36.149,681.5,1,,12,270,257
Ulu Lake,37262,37.262,741.5,7,,11,247,229
Ulu Lake,37993,37.993,781.5,,,43,315,272
Ulu Lake,39147,39.147,842.5,3,,18,274,253
Ulu Lake,40415,40.415,910.5,1,,26,139,112
Ulu Lake,41124,41.124,950.5,2,2,21,187,162
Ulu Lake,32996,32.996,1000,3,1,81,417,332
Ulu Lake,38502,38.502,1080,1,,23,224,200
Ilirney Lake,554,0.554,2,90,,,423,332
Ilirney Lake,864,0.864,3,48,2,,388,338
Ilirney Lake,1290,1.29,4.5,27,2,,361,332
Ilirney Lake,2001,2.001,7,67,1,,528,457
Ilirney Lake,2518,2.518,9,32,,,443,410
Ilirney Lake,3092,3.092,11,81,1,,471,388
Ilirney Lake,4039,4.039,14,66,1,,474,406
Ilirney Lake,4634,4.634,16,69,1,,547,476
Ilirney Lake,5143,5.143,18,48,1,,520,470
Ilirney Lake,5830,5.83,21,26,1,,413,385
Ilirney Lake,6141,6.141,25,39,1,,386,345
Ilirney Lake,6365,6.365,28,66,2,,508,439
Ilirney Lake,6591,6.591,31,54,,,544,488
Ilirney Lake,6905,6.905,35,22,2,,553,529
Ilirney Lake,7367,7.367,41,47,,,481,434
Ilirney Lake,7671,7.671,45,23,,,467,444
Ilirney Lake,8133,8.133,51,27,1,,497,468
Ilirney Lake,8440,8.44,55,25,3,,482,452
Ilirney Lake,8879,8.879,61,7,5,,447,434
Ilirney Lake,9121,9.121,65,22,,,552,529
Ilirney Lake,9474,9.474,71,30,2,,478,445
Ilirney Lake,9713,9.713,75,11,1,,518,505
Ilirney Lake,10081,10.081,81,26,1,,486,459
Ilirney Lake,10323,10.323,85,9,1,,530,519
Ilirney Lake,10559,10.559,89,12,1,,450,436
Ilirney Lake,11037,11.037,97,7,6,,495,481
Ilirney Lake,11331,11.331,101,25,20,,392,346
Ilirney Lake,11543,11.543,103,30,5,,378,343
Ilirney Lake,11782,11.782,105,22,4,,543,515
Ilirney Lake,12049,12.049,107,7,1,,303,294
Ilirney Lake,12315,12.315,109,13,2,,326,311
Ilirney Lake,12579,12.579,111,46,10,,495,437
Ilirney Lake,12842,12.842,113,27,1,,329,301
Ilirney Lake,13108,13.108,115,168,10,,648,468
Ilirney Lake,13378,13.378,117,172,1,,478,305
Ilirney Lake,13648,13.648,119,250,4,,559,304
Ilirney Lake,14183,14.183,123,305,1,,709,403
Ilirney Lake,14703,14.703,127,266,9,,731,442
Ilirney Lake,15210,15.21,131,195,4,,662,454
Ilirney Lake,15465,15.465,133,110,5,,511,390
Ilirney Lake,15722,15.722,135,121,15,,495,347
Ilirney Lake,15992,15.992,137,178,16,,505,305
Ilirney Lake,16416,16.416,140,83,3,,358,270
Ilirney Lake,16872,16.872,143,90,4,,468,365
Ilirney Lake,17587,17.587,147,94,29,,567,431
Ilirney Lake,18367,18.367,151,54,15,,399,317
Ilirney Lake,19142,19.142,155,53,14,,551,472
Ilirney Lake,19920,19.92,159,45,18,,405,328
Ilirney Lake,20305,20.305,161,63,73,,456,309
Ilirney Lake,21450,21.45,167,11,6,,201,182
Ilirney Lake,22248,22.248,171,51,19,,516,431
Ilirney Lake,23016,23.016,175,4,2,,91,83
Ilirney Lake,23792,23.792,179,52,39,,478,369
Ilirney Lake,24945,24.945,185,9,1,,67,56
Ilirney Lake,25927,25.927,191,18,5,,255,229
Ilirney Lake,26126,26.126,195,43,33,,443,360
Ilirney Lake,26305,26.305,199,14,8,,393,366
Ilirney Lake,26477,26.477,203,10,4,,284,267
Ilirney Lake,26650,26.65,207,7,3,,365,351
Ilirney Lake,26825,26.825,211,10,7,,203,184
Ilirney Lake,27000,27,215,7,7,,441,424
Ilirney Lake,27172,27.172,219,6,6,,320,305
Ilirney Lake,27344,27.344,223,8,2,,399,381
Ilirney Lake,27517,27.517,227,4,5,,422,412
Ilirney Lake,27698,27.698,231,5,7,,376,364
Ilirney Lake,27907,27.907,235,8,5,,220,207
Ilirney Lake,20372,20.372,201,47,16,741,1036,232
Ilirney Lake,22185,22.185,211,39,25,13514,13851,268
Ilirney Lake,23096,23.096,221,13,4,860,982,105
Ilirney Lake,24117,24.117,231,9,5,769,931,147
Ilirney Lake,26101,26.101,247,19,6,248,549,276
Ilirney Lake,26459,26.459,259,6,,258,546,282
Ilirney Lake,27131,27.131,271,4,,334,616,277
Ilirney Lake,27930,27.93,283,14,,243,451,194
Ilirney Lake,27974,27.974,289,6,1,768,1014,239
Ilirney Lake,28016,28.016,295,7,1,284,485,193
Ilirney Lake,28058,28.058,301,8,,310,509,191
Ilirney Lake,28126,28.126,311,20,3,5914,6173,235
Ilirney Lake,28192,28.192,321,10,,4185,4495,288
Ilirney Lake,28258,28.258,331,58,18,15480,15854,292
Ilirney Lake,28381,28.381,351,10,1,2952,3226,263
Ilirney Lake,28507,28.507,371,,,,21,21
Ilirney Lake,28628,28.628,391,5,2,585,935,342
Ilirney Lake,28755,28.755,411,9,,20,403,373
Ilirney Lake,28877,28.877,431,4,1,203,567,358
Ilirney Lake,28997,28.997,451,9,2,2875,3260,373
Ilirney Lake,29117,29.117,471,21,1,149,447,275
Ilirney Lake,29241,29.241,491,8,,660,1051,382
Ilirney Lake,29364,29.364,511,7,1,153,500,337
Ilirney Lake,29490,29.49,531,6,,523,872,342
Ilirney Lake,29561,29.561,542,6,1,59,377,311
Ilirney Lake,29693,29.693,562,13,1,629,1024,380
Ilirney Lake,29902,29.902,592,41,1,753,1212,413
Ilirney Lake,30113,30.113,622,26,1,1113,1491,350
Ilirney Lake,30323,30.323,652,78,,3010,3426,337
Ilirney Lake,30527,30.527,682,230,1,11480,12047,335
Ilirney Lake,30711,30.711,710,67,10,1773,2144,293
Ilirney Lake,30932,30.932,746,83,2,,345,259
Ilirney Lake,31035,31.035,763,146,1,2714,3089,228
Ilirney Lake,31153,31.153,782,32,,,309,271
Ilirney Lake,31368,31.368,800,152,1,6373,6788,258
Ilirney Lake,32105,32.105,824,41,1,7600,7932,286
Ilirney Lake,32242,32.242,830,24,1,,323,298
Ilirney Lake,32412,32.412,836,54,1,16190,16535,289
Ilirney Lake,32576,32.576,842,43,,5418,5750,288
Ilirney Lake,32717,32.717,848,48,,4845,5180,287
Ilirney Lake,32845,32.845,854,124,,10810,11276,339
Ilirney Lake,32976,32.976,860,228,,,478,250
Ilirney Lake,33103,33.103,866,196,,15157,15688,334
Ilirney Lake,33547,33.547,872,98,,15166,15580,315
Ilirney Lake,33903,33.903,878,78,1,5815,6178,282
Ilirney Lake,34640,34.64,890,14,,,230,215
Ilirney Lake,35023,35.023,896,72,,20310,20597,215
Ilirney Lake,35415,35.415,902,41,,39640,39793,110
Ilirney Lake,36059,36.059,912,1,1,,10,8
Ilirney Lake,36643,36.643,922,11,1,291814,291910,83
Ilirney Lake,37239,37.239,932,12,1,32895,33135,221
Ilirney Lake,39044,39.044,962,1,1,,245,243
Ilirney Lake,41521,41.521,982,8,15,214,536,299
Ilirney Lake,46987,46.987,1022,,,,313,312
Ilirney Lake,49860,49.86,1042,,,21,292,271
