Lake,Age,Asteraceae,Betulaceae,Boraginaceae,Brassicaceae,Bryaceae,Caprifoliaceae,Caryophyllaceae,Equisetaceae,Ericaceae,Fabaceae,Juncaceae,Orobanchaceae,Papaveraceae,Pinaceae,Plantaginaceae,Poaceae,Polygonaceae,Polytrichaceae,Primulaceae,Ranunculaceae,Rosaceae,Salicaceae,Saxifragaceae
Ilirney,0.1,6.19195046439629,23.8390092879257,0,0.928792569659443,0.309597523219814,0,0.309597523219814,0,24.1486068111455,0,0,0.309597523219814,0,2.78637770897833,17.9566563467492,2.1671826625387,0,2.1671826625387,0.309597523219814,0.928792569659443,7.43034055727554,0.309597523219814,6.81114551083591
Ilirney,1.6,2.24719101123596,21.3483146067416,0,4.49438202247191,0,0,1.12359550561798,0,29.2134831460674,0,0,2.24719101123596,0,1.12359550561798,0,3.37078651685393,0,4.49438202247191,0,1.12359550561798,8.98876404494382,0,6.74157303370786
Ilirney,2.9,9.74358974358974,29.7435897435897,0,1.53846153846154,0,0.512820512820513,0,0,32.3076923076923,0,0,1.02564102564103,0,4.1025641025641,3.58974358974359,1.02564102564103,0,4.1025641025641,0,0,4.61538461538462,1.02564102564103,3.07692307692308
Ilirney,6.3,0.947867298578199,52.60663507109,0,2.8436018957346,0.947867298578199,0,0.947867298578199,0,21.8009478672986,0,0,0.4739336492891,0,0.947867298578199,4.2654028436019,1.8957345971564,0,3.7914691943128,0,0,2.3696682464455,1.4218009478673,1.8957345971564
Ilirney,9.2,3.03030303030303,65.1515151515152,0,1.51515151515152,0,0,1.51515151515152,0,4.54545454545455,0,0,0,0,0,3.03030303030303,4.54545454545455,0,1.51515151515152,0,0,6.06060606060606,3.03030303030303,0
Ilirney,10.2,0,65.4320987654321,0,3.7037037037037,1.23456790123457,0,0,0,11.1111111111111,0,0,0,0,0,0,9.8765432098765409,0,1.23456790123457,0,0,2.46913580246914,1.23456790123457,0
Ilirney,11.6,1.55038759689922,58.1395348837209,0,3.10077519379845,0,0,0,0,3.10077519379845,0.775193798449612,0,0,0,0,0,0.775193798449612,0,0,0,0.775193798449612,3.10077519379845,0.775193798449612,0.775193798449612
Ilirney,13.2,5.07246376811594,48.5507246376812,0,3.6231884057971,0,0,0,0,18.8405797101449,0,0,0,0,0,0,1.44927536231884,0,0,0,0,5.79710144927536,0.72463768115942,3.6231884057971
Ilirney,15.9,6.74157303370786,46.6292134831461,0,13.4831460674157,0,0,0.561797752808989,0,1.68539325842697,0,0,0,0,0,0,5.0561797752809,0,1.12359550561798,0,0.561797752808989,20.2247191011236,0,2.24719101123596
Ilirney,19.9,7.40740740740741,11.1111111111111,0,14.8148148148148,0,0,3.7037037037037,0,2.46913580246914,1.23456790123457,0,1.23456790123457,0,0,0,4.9382716049382704,0,3.7037037037037,0,0,35.8024691358025,1.23456790123457,12.3456790123457
Ilirney,28,6.27153687112336,0.482425913163336,0.827015851137147,10.6822880771881,0,0,1.1026878015162,0,0.0689179875947622,0.0689179875947622,0,0.137835975189524,0.0689179875947622,0,0,0.895933838731909,0,0.827015851137147,0.275671950379049,0.0689179875947622,9.71743625086147,0.137835975189524,67.0572019297037
Ilirney,31,0,14.2857142857143,0,42.8571428571429,0,0,0,0,0,0,0,0,0,28.5714285714286,7.14285714285714,0,0,0,0,0,0,0,0
Ilirney,35.1,0,20,0,0,0,0,0,0,0,0,0,0,0,0,0,0,0,0,0,0,0,0,0
Ilirney,42,10.6960950764007,4.41426146010187,0.33955857385399,29.3718166383701,0,0.33955857385399,1.18845500848896,0,1.01867572156197,0.169779286926995,0,0.848896434634975,0.509337860780985,0,0.169779286926995,1.01867572156197,0,1.86757215619694,0.169779286926995,0,33.106960950764,0.33955857385399,10.5263157894737
Ilirney,45.3,8.61618798955614,3.22019147084421,0.0870322019147084,18.4073107049608,0,0.0435161009573542,1.95822454308094,0,1.87119234116623,0.0870322019147084,0,0.609225413402959,0.0435161009573542,0.174064403829417,0,0.696257615317667,0,0.609225413402959,0.0435161009573542,0,23.8033072236728,0.348128807658834,38.2941688424717
Ilirney,54.6,14.9019607843137,6.66666666666667,0.392156862745098,25.8823529411765,0,0,1.96078431372549,0,1.17647058823529,0,0,0.784313725490196,0,0.784313725490196,4.70588235294118,0.392156862745098,0,1.56862745098039,0,0,27.4509803921569,0.392156862745098,10.1960784313725
Salmon,0.207,3.56425702811245,2.45983935742972,0.150602409638554,1.45582329317269,0.0502008032128514,0,1.6566265060241,0.0502008032128514,31.1746987951807,0.0502008032128514,0.301204819277108,0.803212851405622,0,0.150602409638554,0.401606425702811,0.301204819277108,0.100401606425703,1.50602409638554,0.0502008032128514,0,33.9859437751004,0.451807228915663,8.8855421686747
Salmon,0.573,0.370021040412102,0.515127330769789,0.0145106290357687,0.224914750054415,0,0,9.01110063121236,0,22.6801131829065,0.340999782340564,0.0217659435536531,0.145106290357687,0,0,0.0435318871073061,0.0725531451788435,0.0507872016251904,2.72799825872452,0.0217659435536531,0,53.9940506420953,0.0798084596967279,8.15497351810201
Salmon,1.18,3.01724137931034,1.25718390804598,0,1.22126436781609,0.0359195402298851,0,1.11350574712644,0.0359195402298851,18.8218390804598,0.107758620689655,0.107758620689655,0.28735632183908,0,0,0.502873563218391,0.646551724137931,0.179597701149425,0.933908045977012,0.0718390804597701,0,53.3045977011494,0.395114942528736,3.91522988505747
Salmon,2.498,1.55497454245218,1.72010458235861,0.0412825099766066,0.0688041832943443,0,0,1.83019127562956,0,15.7974404843815,0.0688041832943443,0.0137608366588689,0.0825650199532132,0,0,0.206412549883033,0.233934223200771,0.0275216733177377,0.344020916471721,0,0,70.620613733315,0.12384752992982,4.45851107747351
Salmon,3.655,1.01653770292824,1.13791533909877,0.0151722045213169,33.2574723107267,0.0303444090426339,0,0.318616294947656,0.0151722045213169,8.8605674404491,0,0.0151722045213169,0.151722045213169,0,0,0.470338340160825,0.0758610226065847,0,0.971021089364285,0.0151722045213169,0,40.2366863905325,0.212410863298437,1.19860415718404
Salmon,3.773,2.15198386012105,1.9502353732347,0.0672494956287828,1.14324142568931,0,0,1.34498991257566,0,10.5581708137189,0.201748486886348,0.134498991257566,0.403496973772697,0,0.134498991257566,0.134498991257566,0.201748486886348,0.0672494956287828,1.14324142568931,0.134498991257566,0,64.6267652992603,0.336247478143914,9.14593140551446
Salmon,3.852,1.70122275385433,3.45560871876661,0.0531632110579479,2.92397660818713,0,0,0.850611376927166,0,26.6879319510898,0.372142477405635,0.0531632110579479,0.212652844231792,0,0,1.06326422115896,1.75438596491228,0.106326422115896,0.744284954811271,0.0531632110579479,0,33.1738437001595,0.318979266347687,3.50877192982456
Salmon,6.859,1.66816952209197,1.14968440036069,0.112714156898106,0.901713255184851,0.0450856627592426,0,0.405770964833183,0,37.5338142470694,0,0,0.112714156898106,0,0.0225428313796213,0.315599639314698,0.0225428313796213,0.0450856627592426,0.405770964833183,0.0676284941388638,0,42.380522993688,0.225428313796213,4.14788097385031
Salmon,7.576,0.546345139412208,1.09269027882442,0.0376789751318764,0.433308214016579,0,0,0.131876412961567,0,51.9969856819895,0,0.0376789751318764,0.094197437829691,0,0,0.113036925395629,0.301431801055011,0,0.0376789751318764,0.0188394875659382,0,36.7370007535795,0.0565184626978146,2.35493594574228
Salmon,8.471,1.72727272727273,3.59090909090909,0.0454545454545455,0.772727272727273,0.0454545454545455,0,0.909090909090909,0,21.3181818181818,0.0909090909090909,0,0.5,0,0.0454545454545455,0.0909090909090909,0.181818181818182,0.0909090909090909,0.863636363636364,0,0,49.5,0.181818181818182,7.09090909090909
Salmon,9.9,0.781686208821887,3.01507537688442,0.0558347292015634,0,0,0,0.0558347292015634,0,12.6186487995533,0,0,0.111669458403127,0,0,0.446677833612507,0.279173646007817,0.0558347292015634,0.837520938023451,0.16750418760469,0,30.4857621440536,0.949190396426577,1.00502512562814
Salmon,10.248,0.431965442764579,1.59827213822894,0.0863930885529158,0.0863930885529158,0.0431965442764579,0,0,0.0431965442764579,7.04103671706264,0,0,0,0,0,0.388768898488121,1.51187904967603,0,0.172786177105832,0.0863930885529158,0,25.4859611231102,0.561555075593952,1.25269978401728
Salmon,11.025,0.324017820980154,1.70109356014581,0,0.202511138112596,0.0405022276225192,0,0.0810044552450385,0.0405022276225192,4.09072498987444,0.0405022276225192,0,0.121506682867558,0,0,0.324017820980154,0.0810044552450385,0,0.324017820980154,0.121506682867558,0,36.4115026326448,0.486026731470231,1.21506682867558
Salmon,11.878,0.354131534569983,2.4114671163575,0,0.219224283305228,0,0,0.0674536256323777,0,5.12647554806071,0.0337268128161889,0,0.0168634064080944,0,0.0168634064080944,0.0337268128161889,0.134907251264755,0,0.236087689713322,0,0,69.0219224283305,0.168634064080944,0.860033726812816
Salmon,12.549,1.6532428995337,8.90207715133531,0.0423908435777872,1.78041543026706,0,0,0.423908435777872,0.0423908435777872,27.5116574819839,0,0.0423908435777872,0.678253497244595,0,0,0.847816871555744,0.254345061466723,0.0847816871555744,0.593471810089021,0,0,32.7681220856295,0.381517592200085,10.7248834251802
Salmon,13.042,1.74125553688712,5.78891095158088,0.0152741713762028,0.366580113028868,0.0305483427524057,0,0.229112570643043,0,7.94256911562548,0.0610966855048114,0,0.0763708568810142,0,0,0.0610966855048114,0.0152741713762028,0.0305483427524057,0.763708568810142,0,0,76.9054528791813,0.229112570643043,1.46632045211547
Salmon,13.85,1.21396054628225,4.09711684370258,0,0.606980273141123,0,0,0.303490136570561,0,4.47647951441578,0.151745068285281,0.227617602427921,0.303490136570561,0,0,0.151745068285281,0.379362670713202,0,0.682852807283763,0,0,69.2716236722306,0.227617602427921,0.910470409711684
Salmon,14.369,2.04395604395604,4.13186813186813,0,1.45054945054945,0.021978021978022,0,0.593406593406593,0,2.96703296703297,0.043956043956044,0.021978021978022,0.197802197802198,0,0,0.043956043956044,0.131868131868132,0.0659340659340659,0.32967032967033,0,0,82.2417582417582,0.153846153846154,1.31868131868132
Salmon,15.568,1.89008653408228,0,0.030362835888872,2.04949142249886,0.022772126916654,0,2.43661758008198,0,0.07590708972218,0.030362835888872,0.060725671777744,0.49339608319417,0,0,0.022772126916654,0.060725671777744,0.068316380749962,0.34158190374981,0.030362835888872,0,88.6670715044785,0.166995597388796,2.3607104903598
Salmon,18.481,5.57288417550426,0.0207943439384487,0.0207943439384487,10.3555832813475,0.103971719692244,0,2.80723643169058,0,0.0207943439384487,0.0623830318153462,0.124766063630692,0.686213349968808,0,0,0.0415886878768975,0.291120815138282,0.249532127261385,1.01892285298399,0,0,64.7535870243294,0.748596381784155,10.2932002495321
Salmon,20.694,6.95433598659405,0.0418935902806871,0.293255131964809,23.1671554252199,0.0418935902806871,0,3.64474235441977,0,0.0418935902806871,0,0.502723083368245,1.42438206954336,0,0,0.0418935902806871,0.963552576455802,0.837871805613741,1.04733975701718,0.0418935902806871,0,32.3837452869711,0.502723083368245,22.9995810640972
Salmon,22.357,11.1596312469675,0.0970402717127608,0.0970402717127608,30.9315866084425,0.121300339640951,0,6.38039786511402,0,0.0242600679281902,0.0485201358563804,0.291120815138282,0.800582241630277,0,0,0.0242600679281902,0.897622513343037,0.242600679281902,2.69286754002911,0.0970402717127608,0,13.3430373605046,0.485201358563804,27.8748180494905
Salmon,23.012,9.75987606506584,0.0774593338497289,0.0774593338497289,27.5367931835786,0.116189000774593,0,3.71804802478699,0,0.232378001549187,0.154918667699458,0.580945003872967,1.12316034082107,0,0,0.116189000774593,0.580945003872967,0.232378001549187,2.16886134779241,0.0387296669248645,0,16.6150271107668,0.735863671572424,31.4097598760651
Salmon,24.698,5.44064748201439,0.0449640287769784,0.0449640287769784,29.091726618705,0.0449640287769784,0,5.53057553956835,0,0,0,0.314748201438849,1.34892086330935,0,0,0,0.404676258992806,0.224820143884892,1.12410071942446,0.0449640287769784,0,12.0503597122302,0.359712230215827,39.9280575539568
Salmon,26.858,5.90886329494241,0.0500751126690035,0.150225338007011,30.7461191787682,0.150225338007011,0,6.81021532298448,0,0.250375563345018,0.150225338007011,0.150225338007011,0.951427140711067,0,0,0,0.801201802704056,0.150225338007011,4.00600901352028,0,0,21.2318477716575,0.450676014021032,25.2378567851778
Salmon,28.708,6.48489314664701,0.0736919675755343,0,18.7914517317612,0.221075902726603,0,4.56890198968312,0,1.10537951363301,0,0,0.884303610906411,0,0.0736919675755343,0,0.810611643330877,0.0736919675755343,1.54753131908622,0,0,46.8680913780398,0.51584377302874,12.6013264554164
Salmon,29.461,4.57440648523451,0,0,10.6543138390272,0,0,4.40069484655472,0,1.44759698899826,0.0579038795599305,0.173711638679792,1.79502026635785,0,0.0579038795599305,0,0.579038795599305,0.231615518239722,0.694846554719166,0,0,64.9102489866821,0.752750434279097,7.52750434279097
Lele,0.9,14.4400527009223,4.43126921387791,0.219587176108915,11.6161616161616,0.0527009222661397,0,5.46332894158981,0,0,0,0.245937637241985,0.241545893719807,0.131752305665349,0,0,0.237154150197628,0.153711023276241,1.20333772507686,0,0.0527009222661397,51.0979358805446,0.0702678963548529,6.07817303469477
Lele,2.9,14.9546765554182,4.12237330037083,0.133910177173465,12.3403378656778,0.0206015657189946,0,4.12855377008653,0,0,0,0.238978162340338,0.337865677791512,0.0865265760197775,0,0,0.226617222908941,0.123609394313968,0.918829831067161,0,0.026782035434693,52.4948496085702,0.0535640708693861,5.97445405850845
Lele,4.5,9.8697481413175,7.6623825716097,0.152728949340096,8.89285920119878,0.0201717480260504,0,3.65108639271512,0,0,0,0.144083914471788,0.680076076306841,0.0835686703936372,0,0,0.236297619733733,0.221889228286554,0.795343207884272,0,0.0230534263154861,57.2041957235894,0.0835686703936372,4.23030372889171
Lele,5.6,9.78039807134206,11.3388633714952,0.116542126551039,6.53778478553964,0.0228513973629487,0,3.88245241196499,0,0,0,0.105116427869564,0.692397340097347,0.0822650305066155,0,0,0.18281117890359,0.169100340485821,0.959758689243847,0,0.036562235780718,56.4498069056923,0.0776947510340257,5.03416283905761
Lele,6.2,9.50812324929972,16.593837535014,0.134453781512605,5.05098039215686,0.0246498599439776,0,2.42464985994398,0,0,0,0.080672268907563,0.528851540616247,0.0560224089635854,0,0,0.185994397759104,0.141176470588235,0.681232492997199,0,0.0560224089635854,57.3333333333333,0.0358543417366947,3.56302521008403
Lele,6.8,9.8381921212535,28.0944903393186,0.106961607610205,5.0067135477117,0.031860904394529,0,1.79331376163492,0,0,0,0.0568944721330875,0.650872761202522,0.0728249243303521,0,0,0.207095878564439,0.17523497416991,0.443776882638083,0,0.050067135477117,45.7909469515942,0.0614460299037346,2.93803054095264
Lele,8.6,6.77791902198902,20.4689908852406,0.243420874692343,5.38501068347172,0.0270467638547048,0,0.770832769859086,0,0,0,0.0324561166256457,0.243420874692343,0.186622670597463,0,0,0.311037784329105,0.11089173180429,0.578800746490682,0,0.0378654693965867,58.591404538447,0.132529142888053,1.86622670597463
Lele,9.3,13.3947842456305,0.0551759951964428,0.335924441343049,5.29527271547038,0.0373249379270054,0,1.45080410898882,0,0,0,0.0681585823014881,0.262897388877169,0.142808458155499,0,0,0.152545398484283,0.186624689635027,0.767595462585807,0,0.0519303484201814,73.6274971194885,0.0941237565115788,3.45336816994207
Lele,10.5,12.5767910546708,9.1044358343523,0.172365532786281,9.40644381914878,0.0471427098218889,0,3.42226609113275,0,0,0,0.156160226285007,0.553926840407195,0.0854461615521737,0,0,0.279909839567466,0.194463678015292,0.81173853474565,0,0.0427230807760869,53.1077358240398,0.0810265325063716,4.91315428924999
Lele,13.5,43.0873621713316,0.104774734321209,2.44474380082822,30.9334929900713,0.0548820036920621,0,3.95150426582847,0,0,0,0.17961383026493,0.134710372698698,2.09549468642419,0,0,1.03277952402335,0.0947961881953799,0.394152571970264,0,0.0997854612582947,6.04699895225266,0.134710372698698,7.86309434715362
Lele,14.4,19.572881527887,0.073553656123976,1.09569584295026,16.2350673396403,0.0481903264260532,0,1.27577548380551,0,0,0,0.114134983640652,0.213051969462551,1.11345017373881,0,0,0.793872219544982,0.142034646308367,0.332259619042788,0,0.0380449945468841,53.5952519846805,0.101453318791691,4.20777639688538
Lele,16.1,23.3931034482759,1.93103448275862,3.53103448275862,32.5793103448276,0.0275862068965517,0,4.02758620689655,0,0,0,0.220689655172414,0.110344827586207,2.15172413793103,0,0,3.2551724137931,0.16551724137931,0.358620689655172,0,0.110344827586207,10.7586206896552,0.110344827586207,7.2
Lele,18.5,3.88903636846297,0.345102203344837,1.03530661003451,54.4730554818158,0.106185293336873,0,8.08335545526944,0,0,0,0.106185293336873,0.119458455003982,3.92885585346429,0,0,2.15025219007168,0.1460047783382,0.650384921688346,0,0.0398194850013273,10.4459782320149,0.172551101672418,11.2423679320414
Lele,21.8,2.47344885410844,0.223588596981554,0.363331470095025,61.0676355505869,0.167691447736165,0,3.381777529346,0,0,0,0.0279485746226942,0.139742873113471,3.00447177193963,0,0,2.04024594745668,0.153717160424818,0.866405813303522,0,0.0838457238680827,14.169927333706,0.29346003353829,6.72163219675797
Lele,23,3.82917235289396,0.256883679858714,0.83487195954082,63.0729710203099,0.0481656899735089,0,3.77297904792486,0,0,0,0.0722485349602633,0.0883037649514329,4.98514891225817,0,0,1.49313638917878,0.104358994942603,0.569960664686522,0,0.0722485349602633,11.4313237537128,0.0561933049690937,7.64228947579674
Lele,24.7,6.50094161958569,0.24105461393597,0.595103578154426,43.638418079096,0.0903954802259887,0,3.62335216572505,0,0,0,0.0828625235404896,0.0753295668549906,3.02071563088512,0,0,1.88323917137476,0.225988700564972,0.858757062146893,0,0.0753295668549906,15.1261770244821,0.256120527306968,21.7250470809793
Lele,28.5,16.5857717376231,0.0554708084870337,1.34516710581057,40.3480793232561,0.0832062127305506,0,3.82748578560533,0,0,0,0.17334627652198,0.0693385106087921,2.98848980723894,0,0,1.0678130633754,0.138677021217584,1.22729163777562,0,0.124809319095826,15.9131881847178,0.228817085009014,14.4016086534461
Lele,30,18.7986715529088,0.131699496106276,1.04786990380211,39.5613834173156,0.0286303252404947,0,3.71621621621622,0,0,0,0.154603756298672,0.0744388456252863,2.07856161245992,0,0,0.881814017407238,0.10879523591388,1.1051305542831,0,0.125973431058177,17.069399908383,0.166055886394869,13.7024736601008
Lele,34.2,22.0326590299781,0.0649930944837111,0.853034365098708,29.8318303680234,0.0243724104313917,0,2.20164107563571,0,0,0,0.129986188967422,0.0649930944837111,1.48671703631489,0,0,0.5849378503534,0.0974896417255667,0.974896417255667,0,0.0893655049151028,28.6457063936957,0.243724104313917,11.9181087009505
Lele,38,13.5236266101527,0.0596046226696248,1.10268551938806,21.5801847743303,0.0198682075565416,0,3.45706811483824,0,0,0,0.0662273585218054,0.463591509652638,0.794728302261664,0,0,0.354316368091659,0.0894069340044372,0.811285141892116,0,0.0960296698566178,49.4188549289712,0.205304811417597,7.27838670154641
Lele,39.5,18.6258557701164,0.150431338838916,1.16354035550916,22.2853283394222,0.0276302459091886,0,2.03849814263347,0,0,0,0.0890307923740521,0.174991557424861,1.00696896202376,0,0,0.389893470051883,0.0890307923740521,0.927148251619439,0,0.0859607650508089,45.3443035643017,0.233322076566481,6.5698584717404
Lele,44.2,1.55047117935005,0.0431285446272616,0.70730813188709,19.3237444202445,0.0258771267763569,0,1.52890690703642,0,0,0,0.0409721173958985,0.081944234791797,1.12781144200289,0,0,0.332089793629914,0.0776313803290708,0.702995277424363,0,0.0646928169408923,65.7473098570289,0.189765596359951,7.82998727707934
Lele,46.6,0.850704225352113,0.11830985915493,1.09295774647887,27.0028169014085,0.0619718309859155,0,1.70704225352113,0,0,0,0.0619718309859155,0.208450704225352,1.14366197183099,0,0,0.743661971830986,0.0957746478873239,1.75774647887324,0,0.0394366197183099,55.8366197183099,0.197183098591549,7.86478873239437
Lele,48.3,0.312398425367474,0.0270865686734804,0.247390660551121,26.5123334176027,0.0162519412040883,0,0.556177543428798,0,0,0,0.0650077648163531,0.0668135360612518,0.359348477734841,0,0,0.218498320632742,0.0704250785510492,0.966087616020802,0,0.0234750261836831,64.1247426775976,0.184188666979667,5.69540250641049
Lele,55.5,2.03322138513207,1.34337841517655,0.0726150494690024,61.5866388308977,0.0771534900608151,0,2.10129799400926,0,0,0,0.0408459653263139,0.163383861305256,0.898611237178905,0,0,0.576381955160207,0.0907688118362531,0.399382772079513,0,0.0181537623672506,24.5620404828901,0.0907688118362531,4.92420804211673
Lele,58.2,1.41179575141839,0.422219290143818,0.118749175352949,75.5772529357435,0.039583058450983,0,1.99234727536614,0,0,0,0.039583058450983,0.105554822535955,2.48053832959493,0,0,0.910410344372609,0.0527774112679773,0.501385407045784,0,0.039583058450983,11.703390948674,0.0527774112679773,3.21942208734662
Lama,0.08,12.1345029239766,39.4005847953216,0.219298245614035,4.45906432748538,0,0,3.14327485380117,0,6.0672514619883,0,0,0.584795321637427,0,0,0,1.0233918128655,0,1.38888888888889,0,0,18.4210526315789,0.292397660818713,4.82456140350877
Lama,0.26,8.76369327073552,41.0015649452269,0.312989045383412,4.38184663536776,0,0,2.8169014084507,0,4.38184663536776,0,0,0.782472613458529,0,0,0,1.09546165884194,0.156494522691706,1.25195618153365,0,0,18.7793427230047,0.312989045383412,3.75586854460094
Lama,0.72,9.39490445859873,46.1783439490446,0.477707006369427,3.02547770700637,0,0,1.7515923566879,0,3.82165605095541,0,0,0.159235668789809,0,0,0,0.955414012738854,0.318471337579618,1.43312101910828,0,0,19.5859872611465,0.159235668789809,2.38853503184713
Lama,1.21,6.05226960110041,58.4594222833563,0,2.88858321870702,0,0,1.10041265474553,0,5.08940852819807,0,0,0.137551581843191,0,0,0,1.10041265474553,0,0.825309491059147,0,0,11.6918844566713,0.275103163686382,1.78817056396149
Lama,1.86,3.1390134529148,62.780269058296,0.224215246636771,2.54110612855007,0,0,0.971599402092676,0,5.00747384155456,0,0,0.149476831091181,0,0,0,0.523168908819133,0.149476831091181,0.373692077727952,0,0,10.6128550074738,0.298953662182362,1.34529147982063
Lama,2.5,3.74429223744292,63.7442922374429,0,1.82648401826484,0,0,0.547945205479452,0,3.10502283105023,0.091324200913242,0,0.091324200913242,0,0,0,0.365296803652968,0.273972602739726,0.182648401826484,0,0,12.4200913242009,0.365296803652968,1.27853881278539
Lama,3.02,4.68384074941452,65.9640905542545,0,1.95160031225605,0,0,0.78064012490242,0,3.12256049960968,0,0,0.39032006245121,0,0,0,0.468384074941452,0.078064012490242,0.39032006245121,0,0,10.3044496487119,0.234192037470726,0.936768149882904
Lama,4.38,2.1094264996704,76.2030323005933,0,1.6479894528675,0,0,0.1977587343441,0,1.318391562294,0.0659195781147001,0,0.1318391562294,0,0,0,0.1977587343441,0.0659195781147001,0.1977587343441,0,0,5.40540540540541,0.3295978905735,0.4614370468029
Lama,5.17,2.09455415918612,76.1819269898265,0.0598444045481747,1.91502094554159,0,0,0.119688809096349,0,2.15439856373429,0,0,0.179533213644524,0,0,0,0.179533213644524,0,0.299222022740874,0,0,6.58288450029922,0,0.658288450029922
Lama,6.4,3.12944523470839,72.5462304409673,0,1.46989094357515,0,0,0.0948316737790422,0,1.32764343290659,0,0,0.0948316737790422,0,0,0,0.284495021337127,0.0474158368895211,0.237079184447606,0,0,6.0692271218587,0.379326695116169,0.42674253200569
Lama,6.89,3.15275310834814,69.49378330373,0.177619893428064,1.46536412078153,0,0,0.177619893428064,0,1.19893428063943,0,0,0.177619893428064,0,0,0,0.22202486678508,0.088809946714032,0.44404973357016,0,0,8.96980461811723,0.532859680284192,0.710479573712256
Lama,7.56,2.80950205573321,66.2174508908177,0.0228414801279123,1.41617176793056,0,0,0.342622201918684,0,1.39333028780265,0,0,0.114207400639561,0,0,0,0.29693924166286,0.0685244403837369,0.433988122430333,0,0,11.9460941068981,0.479671082686158,0.753768844221105
Lama,8.51,2.275392915787,66.4320900774103,0.0938306357025569,1.0790523105794,0,0,0.234576589256392,0,1.54820548909219,0.0234576589256392,0,0.187661271405114,0,0,0,0.140745953553835,0.0703729767769177,0.469153178512784,0,0,13.7461881304246,0.445695519587145,0.656814449917898
Lama,9.19,1.97010869565217,63.7001811594203,0.0905797101449275,1.48324275362319,0,0,0.283061594202899,0,0.554800724637681,0.113224637681159,0,0.249094202898551,0,0,0,0.124547101449275,0.147192028985507,0.169836956521739,0,0,21.5240036231884,0.396286231884058,1.01902173913043
Lama,9.82,2.7873114924597,71.315652626105,0.0728029121164847,1.51846073842954,0,0,0.353614144565783,0,1.43525741029641,0.0520020800832033,0,0.062402496099844,0,0,0,0.374414976599064,0.114404576183047,0.218408736349454,0,0,13.3541341653666,0.738429537181487,0.665626625065003
Lama,10.09,1.52990264255911,74.0071086385412,0.038633905115129,1.28264564982228,0,0,0.254983773759852,0,1.38309380312162,0.0540874671611807,0,0.108174934322361,0,0,0,0.216349868644723,0.0618142481842065,0.177715963529594,0,0,13.5450471333642,0.594962138772987,0.679956730026271
Lama,10.43,1.86677980483666,12.091641917692,0.339414509970301,9.24904539669071,0,0,1.78192617734408,0,0.254560882477726,0.848536274925753,0,1.0182435299109,0,0,0,1.0182435299109,0.169707254985151,0.339414509970301,0,0,68.1798896902843,0.296987696224014,1.65464573610522
Lama,11.54,2.11311373523928,41.36109384711,0.124300807955252,3.69794903666874,0,0,0.466128029832194,0,3.54257302672467,0.217526413921691,0,0.341827221876942,0,0,0,0.341827221876942,0.217526413921691,0.310752019888129,0,0,27.9676817899316,0.466128029832194,1.36730888750777
Lama,11.79,6.13388381008552,5.01327042170451,0.501327042170451,10.2034797994692,0,0,1.68092008257151,0,0.412857564140372,0.294898260100265,0,1.23857269242111,0,0,0,0.76673547626069,0.353877912120318,0.737245650250664,0,0,66.1161899144795,0.442347390150398,4.30551459746387
Lama,12.99,2.13870857533311,25.3638537751964,0.12982576016399,3.47113085070038,0,0,0.806286299965835,0,0.163990433891356,0.232319781346088,0,0.307482063546293,0,0,0,0.232319781346088,0.177656303382303,0.362145541510079,0,0,63.566791937137,0.327980867782713,1.68773488213188
Lama,13.59,4.97285291214215,3.31934846989141,0.259131293188549,7.99605133267522,0,0,1.76456071076012,0,0.357847976307996,0.246791707798618,0,2.39387956564659,0,0,0,0.468904244817374,0.444225074037512,0.678677196446199,0,0,71.8410661401777,0.160414610069102,4.15844027640671
Lama,13.75,2.22575516693164,14.5468998410175,0.476947535771065,8.98251192368839,0,0,1.4308426073132,0,0.0794912559618442,1.11287758346582,0,0.794912559618442,0,0,0,1.58982511923688,0.0794912559618442,1.19236883942766,0,0,62.4006359300477,0.238473767885533,3.33863275039746
Lama,13.93,3.34760607240171,14.2857142857143,0.207603477358246,10.8472816919683,0,0,2.12793564292202,0,0.194628260023355,0.765537822758531,0,1.19371999480991,0,0,0,1.14181912547035,0.0908265213442325,0.467107824056053,0,0,61.5025301673803,0.207603477358246,2.45231607629428
Lama,14.02,1.50550086855819,1.45586897179254,0.124079741914137,3.16816941020763,0,0,0.761022417073372,0,0.0827198279427579,0.223343535445446,0,0.47150301927372,0,0,0,0.47150301927372,0.297791380593928,0.306063363388204,0,0,88.3861361568368,0.181983621474067,1.79502026635785
Lama,14.32,6.85659101883148,4.8768710767745,0.410429744084983,3.21100917431193,0,0,1.30371801062289,0,0.531144374698213,0.217286335103815,0,0.579430226943506,0,0,0,0.434572670207629,0.289715113471753,0.458715596330275,0,0,76.5089328826654,0.386286817962337,2.67986479961371
Lama,14.67,0.581909686043997,0.589773330449997,0.0471818664359998,0.383352664792498,0,0,0.0648750663494997,0,0.0707727996539996,0.0294886665224999,0,0.0530795997404997,0,0,0,0.0452159553344998,0.0314545776239998,0.0609432441464997,0,0,96.9233491261525,0.0334204887254998,0.967228261937995
Lama,15.12,3.88482856722421,3.94368960612155,0.196203462991122,1.88355324471477,0,0,0.407122185706578,0,0.397312012557022,0.132437337519007,0,0.470888311178692,0,0,0,0.191298376416344,0.17658311669201,0.304115367636239,0,0,85.3141707951145,0.230539069014568,1.966939716486
Lama,15.6,4.921875,4.51322115384615,0.222355769230769,3.58173076923077,0,0,0.637019230769231,0,0.474759615384615,0.228365384615385,0,0.841346153846154,0,0,0,0.360576923076923,0.354567307692308,0.456730769230769,0,0,79.2247596153846,0.228365384615385,3.046875
Lama,16.08,4.82466518385311,5.78060669159055,0.288675405801902,2.51289574558705,0,0,0.451942643509536,0,0.421182149448677,0.151436278453457,0,0.873124792958213,0,0,0,0.253182528039373,0.288675405801902,0.227154417680186,0,0,79.6696796176234,0.22005584212768,3.5090625147887
Lama,16.54,5.87746049348489,7.64069864153036,0.293873024674245,3.47657332963682,0,0,0.709731078458553,0,0.709731078458553,0.255059606321042,0,0.709731078458553,0,0,0,0.343775991128362,0.371499861380649,0.432492375935681,0,0,75.5475464374827,0.227335736068755,2.7224840587746
Lama,16.95,4.64372380322082,7.33509816898301,0.308846238694022,2.39355834987867,0,0,0.452239135230532,0,0.628722700198544,0.242664901831017,0,1.10302228105008,0,0,0,0.187513787778513,0.341936907125524,0.330906684315023,0,0,78.0057357158615,0.28678579307302,3.02228105007721
Lama,17.22,5.10905011911095,5.59243240742882,0.265975900270602,3.05987927006962,0,0,0.483382288317876,0,0.469505284825497,0.17346254365474,0,0.897379559173856,0,0,0,0.275227235932188,0.316858246409325,0.302981242916946,0,0,78.9763397090455,0.23359622545505,3.12001295186993
Lama,17.95,0.639170165472956,0.812052358607063,0.0355643368733021,0.285996542356137,0,0,0.0469251667078291,0,0.0568041491726352,0.0207458631760929,0,0.117559891331193,0,0,0,0.0375401333662633,0.0360582859965424,0.0286490491479378,0,0,97.3109409730798,0.0340824895035811,0.466781921462089
Lama,18.72,5.06919450499316,6.31621635322147,0.339636031834541,2.58022000304152,0,0,0.567749784559234,0,0.522127034014295,0.157145029654788,0,0.846555482333857,0,0,0,0.243321336239672,0.278805697774624,0.334566837329548,0,0,78.2328787955594,0.319359253814569,3.5585745425052
Lama,19.19,5.17918260519428,6.59351721360982,0.236561304610429,3.14072881014697,0,0,0.87578014898329,0,0.493255486208979,0.231528085363398,0,0.870746929736259,0,0,0,0.387557882021341,0.322126031809946,0.352325347292128,0,0,77.5518421582444,0.322126031809946,2.70787195490236
Lama,19.59,5.08951694628983,5.80452651728409,0.264609841234095,3.36110798333521,0,0,0.630559621664227,0,0.484179709492174,0.33216980069812,0,0.793829523702286,0,0,0,0.337799797320122,0.38846976691814,0.41661975002815,0,0,77.874113275532,0.281499831100101,3.16968809818714
Lama,20.06,4.9941888288781,5.50010255007862,0.23928351678403,3.0935940384221,0,0,0.454638681889656,0,0.413618650440965,0.167498461748821,0,0.864838996376564,0,0,0,0.28030354823272,0.249538524646202,0.218773501059684,0,0,79.2951391262733,0.25295686060026,3.47644766527654
Lama,20.63,4.25103583885391,7.97303307661696,0.213019967695873,3.18593600037454,0,0,0.678854842107727,0,0.650764296917063,0.201315573866429,0,0.852079870783492,0,0,0,0.297291603267867,0.301973360799644,0.243451391652426,0,0,77.2021816990098,0.224724361525317,3.22104918186287
Lama,21.07,4.55381339527681,7.11382113821138,0.237127371273713,2.92295780100658,0,0,0.590398761130468,0,0.696864111498258,0.179055361982191,0,0.895276809910956,0,0,0,0.367789392179636,0.246806039488966,0.24196670538134,0,0,77.8600464576074,0.246806039488966,3.15040650406504
Lama,21.75,5.56568324714461,6.71527958629413,0.297630120168161,3.12511626176569,0,0,0.483648945273262,0,0.706871535399382,0.200900331113509,0,0.907771866512891,0,0,0,0.342274638193385,0.416682168235425,0.364596897205997,0,0,76.6509170728078,0.275307861155549,3.24788868633506
Lama,22.52,4.12907240321792,7.14253966842971,0.257789235077115,2.66678519045291,0,0,0.364460642695231,0,0.671140939597315,0.191119605315792,0,1.19116405173563,0,0,0,0.257789235077115,0.324458864838437,0.235566025156674,0,0,78.6434952664563,0.262233877061203,3.14680652473443
Lama,22.98,4.50452781371281,7.1280724450194,0.243208279430789,3.72056921086675,0,0,0.517464424320828,0,0.610608020698577,0.168175937904269,0,0.858990944372574,0,0,0,0.243208279430789,0.30012936610608,0.222509702457956,0,0,78.0724450194049,0.232858990944373,2.67270375161708
Btoko,1.43,0.384275618374558,14.6554770318021,0,0.092756183745583,0,0.088339222614841,0.0706713780918728,0.0574204946996466,0,0.313604240282686,0.0353356890459364,0.225265017667845,0,0,0.0795053003533569,1.1969964664311,0.909893992932862,0,0,0.825971731448763,9.11660777385159,38.6174911660777,0.587455830388693
Btoko,2.95,0.583566760037348,21.7320261437909,0,0.221755368814192,0,0.0933706816059757,0.128384687208217,0.0583566760037348,0,0.50186741363212,0,0.0583566760037348,0,0,0.280112044817927,2.39262371615313,1.10877684407096,0,0,1.20214752567694,6.94444444444444,29.4584500466853,0.548552754435107
Btoko,5.63,0.288350634371396,22.6314055033778,0,0.280112044817927,0,0.0576701268742791,0.074147305981216,0.074147305981216,0,0.346020761245675,0.0247157686604053,0.074147305981216,0,0,0.650848574724007,1.02158510463009,0.337782171692206,0,0,0.461361014994233,4.94315373208107,33.8935574229692,0.247157686604053
Btoko,7.72,0.055612008259329,69.1608084901504,0,0.0288526700447494,0,0.398817544945474,0.0184868943555955,0.0441112936261072,0,0.0445400483383107,0.0312234313945802,0.0103657756891538,0,0,0.0107440886705098,1.76909238428226,0.0749564120393314,0,0,0.523055528022777,1.68994930858258,0.156445028223409,0.046582938437633
Btoko,9.38,0.172964843015604,21.2145140063922,0,0.0564015792442188,0,0.018800526414739602,0.0413611581124271,0.0864824215078022,0,0.312088738484678,0.0263207369806355,0.0714420003760105,0,0,0.135363790186125,0.564015792442188,0.210565895845084,0,0,0.214326001128032,8.88512878360594,43.8729084414364,0.195525474713292
Btoko,10.17,0.308024431339511,20.2558972198821,0,0.094776748104465,0,0.0710825610783488,0.052653748946925,0.0394903117101938,0,0.976727042965459,0.010530749789385,0.207982308340354,0,0,0.0921440606571188,0.860888795282224,0.323820556023589,0,0,0.0763479359730413,7.70587615838248,43.0233782645324,0.408066554338669
Btoko,10.8,0.609756097560976,13.5809312638581,0,0.443458980044346,0,0,0.720620842572062,0.110864745011086,0,1.99556541019956,0.16629711751663,0.554323725055432,0,0,0.277161862527716,3.27050997782705,0.665188470066519,0,0,0.388026607538803,8.980044345898,19.179600886918,1.05321507760532
Btoko,11.58,2.30263157894737,1.31578947368421,0,1.31578947368421,0,0,1.31578947368421,0,0,7.23684210526316,0.328947368421053,0.328947368421053,0,0,0.822368421052632,20.8881578947368,0.164473684210526,0,0,0.164473684210526,1.97368421052632,1.64473684210526,0.328947368421053
Btoko,12.33,0.830782684739834,0.830782684739834,0,1.57411456055969,0,0,1.35548753825973,0.0437254044599913,0,17.9711412330564,0.0437254044599913,1.4866637516397,0,0,0.655881066899869,6.95233930913861,0.524704853519895,0,0,0.306077831219939,8.61390467861828,9.70703979011806,1.22431132487976
Btoko,13.32,0.828481395688558,2.23502159894823,0,1.18324672885494,0,0.039650243118596,0.246248878315491,0.0271291137127236,0,19.7729501867735,0.0500845176234896,4.44917464888666,0,0,0.23164089400864,4.57021223314343,0.607274776184812,0,0,0.194077505791022,15.6534986122415,22.0017112210188,1.90947223439554
Btoko,14.2,0.702559821925431,2.9424040066778,0,1.34251530328325,0,0.097384529771842,0.459098497495826,0.048692264885921,0,18.0787423483584,0.0417362270450751,1.01558152476349,0,0,0.229549248747913,4.61880912632165,1.02253756260434,0,0,0.222593210907067,14.9554813578186,23.4488035614914,1.94769059543684
Btoko,15.12,0.85413574416408,4.36918094724059,0,0.890568074483875,0,0.0607205505329915,0.167318850357577,0.0674672783699905,0,14.2005127513156,0.0485764404263932,1.01200917554986,0,0,0.109296990959385,3.50290109296991,0.92834975037107,0,0,0.233436783160167,16.989610039131,27.5752260153825,2.1387127243287
Btoko,16.03,0.742239422206016,4.11936997870914,0,0.929269641113712,0,0.0317598484937598,0.218790067401456,0.0576382435627492,0,12.6721795490102,0.0588145342477033,1.09042146495242,0,0,0.0870455106866009,3.50181736910825,0.96338207097738,0,0,0.174091021373202,19.2005928505052,28.1980402997189,2.25847811511181
Btoko,16.91,0.775242890088607,3.42104291014254,0,0.435117605771311,0,0.0678139628157835,0.078368665199563,0.0583147306703819,0,7.10674498255835,0.0614811413855158,1.19848645567817,0,0,0.17520805957074,1.67133712247149,0.966546870794611,0,0,0.158848270875882,20.9049074088733,35.4767295199194,1.73519307189336
Btoko,17.91,0.617676116433765,2.83964110446789,0,0.527494595838728,0,0.0621848694252341,0.0837207549404667,0.0387645939274187,0,7.72532593216734,0.0582814901755982,0.838149744395959,0,0,0.127869320246694,1.42984819892697,0.9576739090055,0,0,0.133387890909972,21.3039709480904,36.6801894081131,2.14995437084256
Btoko,19.32,0.619330548855815,2.88299311724219,0,0.468262838990529,0,0.0597682216600977,0.11741867168657,0.0461203600211777,0,7.60303547267486,0.0602388375786811,0.819577622213071,0,0,0.0943584916759809,1.39043473145479,0.943584916759809,0,0,0.131772457203365,21.5826813341961,36.0811812459556,1.69633507853403
Btoko,20.5,0.648814035372343,2.56889292223611,0,0.370479278256174,0,0.05804978085574,0.0831455376449027,0.0496845285926857,0,6.6309833734274,0.0698371817718618,0.87023972785046,0,0,0.0968341322571732,1.25377386948686,0.968468068818142,0,0,0.139294124804494,19.8294502508308,38.9745975172945,1.62501362522149
Btoko,22.78,0.820084532431032,2.76962830053828,0,0.333489936575687,0,0.0715960036185345,0.0576016713231141,0.0437739382216869,0,4.51537960459347,0.0578099203156055,1.03199870719025,0,0,0.230698233881944,1.30772037324883,1.12217052093902,0,0,0.172596764976851,19.1649048801902,40.9911069350246,2.09590116003019
Btoko,24.19,0.876989953492409,2.56780247413633,0,0.250379124866493,0,0.0641920481422279,0.0623838214339961,0.0315234189468405,0,4.45836377181626,0.0582851742286708,1.12670606189922,0,0,0.251343512444216,1.08565931562236,1.145330796994,0,0,0.120970366780705,18.0618341205147,43.1309686549928,1.88043522811383
Btoko,25.41,0.926989724543618,2.66122895924091,0,0.395110374395641,0,0.0757672103655579,0.0866526844010079,0.0407396949049515,0,4.9635606062239,0.0586306720325228,1.1132283298234,0,0,0.334431939920805,1.24741065828018,1.18522334621627,0,0,0.16543764994471,17.4079207451269,40.9925396780917,2.31160046645873
Btoko,27.32,0.9981538194942,2.82025733223584,0,0.398478400687819,0,0.0604007611329017,0.0686485892048427,0.052569490034291,0,5.15605890448848,0.0606506953168999,1.38863432629408,0,0,0.348991432256173,1.38671816421676,1.33273238047314,0,0,0.169788622329453,18.2106212030832,39.5517513721387,2.12194122214484
Btoko,28.16,0.937709804268756,2.4484586335807,0,0.432440522301304,0,0.0709316284447424,0.0779931724355265,0.0614459723377189,0,4.80617115707087,0.0587056716845787,1.43138550654985,0,0,0.492305551954519,1.61076980315156,1.36203482078961,0,0,0.217643109566706,16.3514793934661,40.090387763082,3.07746302965532
Btoko,29.02,0.903345651832049,2.9000235886145602,0,0.374665827960371,0,0.0730264192483095,0.0796115741468784,0.0394126434974053,0,5.3761401163705,0.0503223777323479,1.30582638779682,0,0,0.300066834407926,1.08271740839755,1.15918383393615,0,0,0.144185406510458,16.9189337946218,42.4057438276459,1.82104104418934
Btoko,29.72,1.13040647237436,3.35246135821527,0,0.30460143057841,0,0.0606840465185297,0.0722745517538206,0.0358788888175248,0,4.31978868368035,0.068066533929543,1.43478642833044,0,0,0.427667495720003,1.10464159130993,1.20076157740132,0,0,0.182273614177919,15.4514723263768,43.4962869779566,2.51292488983483
Btoko,31.24,0.956334591036389,1.5271411719151,0,0.330934992660897,0,0.040972903853254,0.0947779808913183,0.0318553071166782,0,3.29775594557358,0.0495276859764608,1.05989247989626,0,0,0.405901899161631,1.07407540815316,1.3940917973147,0,0,0.132148871219011,24.3836054354384,37.6219056452557,3.88218264009581
Btoko,32.76,0.986994036849739,2.19109734320622,0,0.274867787907582,0,0.071094950493399,0.0747232445185793,0.0455988303164559,0,4.11811371857971,0.0639364244437188,1.24097461861236,0,0,0.307914682136928,1.25117306668314,1.1656630020897,0,0,0.117184090813258,18.2315891045272,42.3741594860767,2.16589540903131
Btoko,33.65,0.596977803735427,1.36793234952744,0,0.330444444994395,0,0.0418855812134816,0.0506091660747828,0.0207881171162922,0,2.50014229961121,0.0327289105789243,0.769160333302811,0,0,0.269874306134722,0.817356592926596,0.800033161996352,0,0,0.0773986146204808,10.1989843519923,55.1572472573297,1.48437055313715
Ulu,2.74,1.3288805399012,9.64308077645586,0.0347874486885132,0.111319835803242,0,0.354831976622834,0.0834898768524316,0.194809712655674,11.5703054337995,0.855771237737424,0.0278299589508106,0.452236832950671,0.876643706950532,6.10171849996521,2.54644124399917,2.96389062826132,0.473109302163779,0,0.0139149794754053,3.04042301537605,6.75572253530926,18.7573923328463,0.932303624852153
Ulu,7.48,1.8107432381241,12.4176073944996,0.0984923100234866,0.174255625426169,0,0.265171603909387,0.075763315402682,0.174255625426169,9.18251382680506,2.44715508750663,0.0303053261610728,0.29547693007046,2.31835745132207,6.65959542389575,1.75770891734222,1.87893022198651,0.151526630805364,0,0,1.26524736722479,7.75816349723464,20.7212667626335,0.454579892416092
Ulu,12.16,1.99587061252581,17.5234263327863,0.084705384085976,0.174704854677325,0,0.190587114193446,0.0899994705913495,0.095293557096723,6.8717242839748,1.46646196198846,0.10588173010747,0.397056487903012,1.93234157446133,4.34115093440627,1.51410874053682,1.6782254222034,0.174704854677325,0,0.0158822595161205,0.497644131505109,5.18291068876065,27.328074540738,0.534702737042723
Ulu,17.59,2.43097480479755,9.30934556870321,0.0684214762939709,0.273685905175883,0,0.100619818079369,0.0965950253561942,0.128793367141592,5.75947838686308,1.98824760524833,0.0402479272317476,0.33808258874668,5.39322224905417,4.56813974080335,1.48514851485149,3.03871850599694,0.273685905175883,0,0.0482975126780971,0.334057796023505,5.18393302744909,28.0125573532963,0.450776784995573
Ulu,18.56,3.91443538998836,0.922584400465658,0.194994179278231,0.360884749708964,0,1.12048894062864,0.20372526193248,0.116414435389988,0.439464493597206,4.4557625145518,0.0844004656577416,1.4522700814901,3.70197904540163,2.534924330617,1.30384167636787,5.27648428405122,1.99359720605355,0,0.0320139697322468,1.5221187427241,8.23341094295693,34.0279394644936,0.90221187427241
Ulu,20,6.96606966069661,0.4230042300423,0.2880028800288,0.760507605076051,0,0.3150031500315,0.21150211502115,0.0270002700027,0.32850328503285,4.41454414544145,0.0990009900099001,1.0710107101071,12.739627396274,0.30150301503015,1.0530105301053,11.1016110161102,1.0440104401044,0,0.0450004500045,1.82251822518225,7.28557285572856,12.6766267662677,0.805508055080551
Ulu,23.56,6.40742164968275,0.23072486060373,0.326860219188618,0.672947510094213,0,0.170640261488175,0.281195923860796,0.0264372236108441,0.0937319746202653,3.07392809075178,0.0408575273985772,0.858008075370121,12.1467025572005,0.228321476639108,0.891655450874832,14.1174774081907,1.72082291866949,0,0.0600845991155547,0.96616035377812,11.9712555277831,17.1217073639685,1.48769467410113
Ulu,24.1,4.23203808799387,1.2610803577815,0.0529484524571746,0.626135076997692,0,0.145324747600746,0.182397387294814,0.0209351377095913,0.787161177880631,5.20840057292494,0.0347174367017388,0.426815120054292,11.0126675029091,0.170534142592712,0.156926303081478,6.39830146249383,0.689114949607379,0,0.174110561951434,0.213451174897374,19.0066626075761,26.258507080438,2.15849992759932
Ulu,25.87,2.85968568136562,1.48984379699625,0.0746541461586277,0.705975262330659,0,0.0806696662003353,0.191416932609209,0.0347049233175439,0.959398324600546,5.46162946555961,0.0416459079810527,0.335635169506558,8.2236786293252,0.250183936093583,0.0971737852891229,6.78288445728441,0.590137940501879,0,0.114449124896078,0.199437625998152,20.7271684021699,27.306913374969,1.87915591456728
Ulu,27.7,2.5841635592347,1.1068977628593,0.0601506289526429,0.578581749121401,0,0.0872815070466672,0.196435970076114,0.0264999274406749,0.777751838695362,5.23731105656893,0.0481625665390043,0.300122194109865,4.74580049760975,0.333562578737384,0.0967457668469082,6.28973674635573,0.909620525245387,0,0.197277237613913,0.166360655599792,20.6718362556864,32.0400948108515,1.75530471761803
Ulu,29.1,3.31284731399955,1.77251813432139,0.0740725499475319,0.791056847516591,0,0.0805618118019097,0.215411838629468,0.0262735967762613,0.892352642316635,5.28843186195916,0.0386190217675167,0.267800757502615,6.76481807116979,0.326362388871391,0.0848352281450366,7.15496515582934,0.647976537361529,0,0.254347409755735,0.201483666844462,19.7036148354022,28.4182186817935,1.77900739617577
Ulu,30.33,1.84598267683767,0.483400877340743,0.05393140095661,0.33024136071331,0,0.0571871023266941,0.144383278151554,0.0123150443129267,0.354163688171754,4.32810109094306,0.0791276985163911,0.274894437421881,4.14493250081746,0.134191517340856,0.145798800486373,1.85150321394346,1.14062789739728,0,0.065680236335609,0.183027037892117,26.0672684523953,36.6573572481113,2.16150260526886
Ulu,31.27,4.11686737433585,0.918761541163009,0.0641207191489844,0.707820235411404,0,0.068199068776835,0.327627420103998,0.020844898097903,0.578672497196135,5.20782589978589,0.0421429461544562,0.251271652071462,7.45046504514506,0.190096407653703,0.0645738691076344,7.35281122905598,0.661372364649772,0,0.231333053890859,0.421656036523887,18.690170044522,28.0189416682716,2.49368422245131
Ulu,34.43,2.02600003576346,1.20105621419929,0.0351674027978947,0.747456323873898,0,0.0923889395537912,0.236038839118073,0.0321871144251918,0.997204489506405,5.7316905983823,0.0399358641942194,0.308757875412025,6.46722576876539,0.236634896792614,0.0762953823411953,8.79483098784639,0.632417192687564,0,0.0584136521049777,0.158551341427797,20.8334078405427,29.4720717176594,1.33636130632
Ulu,36.52,3.72541812166881,0.242602462782577,0.23157507811064099,0.963058261349017,0,0.113949641609998,0.303253078478221,0.17276235986032,0.211358206212093,5.81510751700055,0.073515897812902,0.310604668259511,18.7796360963058,0.0882190773754824,0.202168718985481,17.9286895791215,0.463150156221283,0,0.0771916927035471,0.672670464988054,10.5293144642529,9.59933835691968,1.58978129020401
Ulu,37.26,2.03725517224095,1.44578388741996,0.0504379644365359,0.858385233267754,0,0.10839463164622,0.189533965739778,0.0335208831969524,0.899738098520069,6.28908159045626,0.0372802345835265,0.390972544203707,6.75868723449581,0.240911768022957,0.0642222528539743,6.9074948935477,0.74560469167053,0,0.0513778022831794,0.325810453503089,20.0191726920715,30.5215473490307,1.47491886066591
Ulu,38,1.74697302024534,1.53605484807812,0.0350750840632848,0.702904684628228,0,0.112006435108756,0.199460311373213,0.0367119213195714,1.02606312579796,6.03735730286634,0.0303984061881802,0.405935639559083,6.89506002516053,0.235003063224008,0.0797373577705341,6.72506278440047,0.618490648982589,0,0.0724885070641219,0.210918172167219,19.2178723921675,32.3469440248425,1.4661385138453
Ulu,38.76,1.84610921949569,1.64202194887804,0.0359138344234103,0.856752146196932,0,0.108086828601225,0.211684427899524,0.0307339544584953,0.918220055113923,6.66132563488062,0.0207195198596598,0.336692197719472,8.52228384360907,0.266936480858617,0.0497268476631835,8.88418479049112,0.669931142129,0,0.0404030637263366,0.18820230539191,17.9337804145285,27.8991788163629,1.09951585388595
Ulu,39.53,1.65077933611396,1.50175828345344,0.0395923091939391,0.851784540852939,0,0.0772599922465061,0.21088403577605,0.0272197125708331,0.896325888696121,6.50358667828774,0.0261199262043348,0.296392425771294,7.86732177274564,0.278245950724072,0.0387674694190654,8.16921313034943,0.648599009642377,0,0.040967042152062,0.189438201629334,18.447541565051,29.2790625421012,1.2675037873893
Ulu,40.42,2.04048464131614,1.50152826637447,0.0403693004576935,0.685753831151469,0,0.142078966545908,0.208137821840316,0.0555733227079936,0.953659188734344,5.87347107827974,0.0293594912419589,0.375906343222938,7.64867174515962,0.261614038031027,0.0969911764243285,7.47828184063039,0.572510079218199,0,0.0424664069749763,0.273148123876082,18.1819135048417,31.1834496353656,1.32904125532796
Ulu,42.01,1.52195474379003,1.40883006264636,0.0443626200563405,0.712970679476901,0,0.0890421159702263,0.182520493946087,0.0354900960450724,0.991821434116756,5.87202651617176,0.0275681996064402,0.32891714013201,9.73822885408184,0.391341684068433,0.0994990192692209,6.5187701414217,0.599212246618142,0,0.0570376543581521,0.280118258070036,17.0346123499197,30.9128242828307,1.20951514825037
Ulu,42.54,1.76074029629413,0.97927306962473,0.0326830862589574,0.645856809057605,0,0.099268776920863,0.168781311128347,0.02829282094059,0.742442646061688,6.68442285084318,0.0314635681149664,0.452929038678237,8.29345509002483,0.21683032600159,0.0570734491387763,8.55565149098288,0.63439333850409,0,0.0534148947068034,0.180000878053064,19.9220484002361,28.3328211357129,1.29512826891838
Ulu,43.16,1.6756463775755,1.18360628836682,0.0426401593225312,0.735822457813592,0,0.110019069972128,0.211336066613128,0.0293384186592343,0.897805337105889,6.47384529702663,0.0251116973269717,0.389728569901269,8.94200192440136,0.238685439939533,0.0595470446515814,7.96948307198106,0.578687876520066,0,0.067627541316201,0.26006767726745,18.8649761438875,29.451172666539,1.18460081103323
