Lake,Age,Asteraceae,Betulaceae,Brassicaceae,Caryophyllaceae,Chenopodiaceae,Cyperaceae,Dryopteridaceae,Ericaceae,Fabaceae,Lentibulariaceae,Onagraceae,Orchidaceae,Orobanchaceae,Papaveraceae,Pinaceae,Plantaginaceae,Poaceae,Polygonaceae,Ranunculaceae,Rosaceae,Salicaceae,Saxifragaceae,Lycopodiaceae,Apiaceae,Equisetaceae,Athyriaceae,Grossulariaceae,Polygalaceae
Ilirney,0.1,2.850653927,2.850653927,0.30934294,0.215365338,0.125303469,4.138930222,0.019578667,6.163364398,1.632860835,0.270185606,0.524708278,0.113556269,1.029837889,0.411152009,0.650011747,0.563865612,3.081682199,0.626517347,0.418983476,4.589239565,64.50779231,1.327433628,0,0,0,0,0,0
Ilirney,1.6,1.770287495,2.223481093,0.693952698,1.217957796,0.311570599,3.38478969,0.0141623,7.307746778,2.251805693,1.501203795,0.467355899,0.254921399,1.317093896,0.269083699,0.269083699,0.481518199,5.608270783,0.311570599,0.679790398,2.804135392,57.72553463,1.501203795,0,0,0,0,0,0
Ilirney,2.9,1.569069839,3.363757563,0.148702697,0.169213414,0.051276792,2.897138755,0,7.48641165,1.492154651,0.45636345,0.538406317,0.056404471,0.907599221,0.199979489,0.461491129,0.184596452,5.071274741,0.333299149,0.297405394,3.133011999,67.74689775,0.497384884,0,0,0,0,0,0
Ilirney,6.3,0.627973359,11.51284491,0.275927688,0.837297812,0.047573739,3.292102759,0.152235966,8.48715509,1.084681256,1.132254995,0.161750714,0.028544244,0.647002854,0.275927688,0.333016175,1.046622265,4.57659372,0.323501427,0.076117983,2.064700285,58.93434824,0.53282588,0,0,0,0,0,0
Ilirney,9.2,2.472670484,12.10307132,0.989068194,1.509630401,0.624674649,9.578344612,4.528891202,2.238417491,3.409682457,1.978136387,0.260281104,0.598646538,0.390421655,0.390421655,0.078084331,0.780843311,6.897449245,0.442477876,0.312337324,3.409682457,24.25819885,0.7548152,0,0,0,0,0,0
Ilirney,10.2,0.905745825,15.14293801,0.76422304,0.877441268,0.169827342,6.736484574,1.52844608,2.971978489,2.09453722,2.85876026,0.28304557,0.198131899,0.141522785,0.339654684,0.056609114,0.424568356,20.15284461,0.141522785,0.367959241,2.57571469,29.3801302,0.452872913,0,0,0,0,0,0
Ilirney,11.6,0.778985507,12.24637681,0.670289855,0.597826087,0.597826087,1.43115942,13.56884058,1.050724638,1.721014493,2.22826087,0.18115942,0.289855072,0.344202899,0.289855072,0.054347826,0.163043478,3.550724638,0.144927536,0.307971014,1.775362319,17.01086957,0.670289855,0,0,0,0,0,0
Ilirney,13.2,1.552595315,7.037207166,0.661460726,0.97381718,0.358291226,1.341295361,2.177308222,6.881028939,1.993569132,0.808451998,0.174552136,0.257234727,0.202113,1.047312816,0.018373909,0.496095544,3.344051447,0.257234727,0.211299954,4.115755627,55.69131833,0.955443271,0,0,0,0,0,0
Ilirney,15.9,0.801856932,5.802912007,1.322360554,0.633044946,0.091439826,0.886262925,0.035169164,1.716255187,2.166420483,1.681086024,0.161778153,0.140676655,0.30948864,1.842864177,0.007033833,0.837026096,7.716114511,0.175845818,0.133642822,7.582471689,60.11113456,0.893296757,0,0,0,0,0,0
Ilirney,19.9,2.154236061,2.099927589,2.570601014,1.303403331,0.09051412,4.380883418,0,0.687907314,3.186097031,1.484431571,0.018102824,0.108616944,0.615496017,10.17378711,0.018102824,0.325850833,15.09775525,0.615496017,0.633598841,14.59087618,29.65242578,3.530050688,0,0,0,0,0,0
Ilirney,28,1.544804551,0.083502949,1.831845937,0.257032514,0.003914201,0.878085695,0.001304734,0.083502949,1.770523459,0.076979281,0.043056208,0.005218934,0.422733678,6.064401649,0.007828401,0.083502949,5.158916549,0.27007985,0.138301759,9.033975262,8.351599603,61.9774542,0,0,0,0,0,0
Ilirney,31,1.469237833,0.367309458,4.04040404,3.856749311,0.459136823,1.836547291,0,0.183654729,3.122130395,2.203856749,0.183654729,0.642791552,1.101928375,2.295684114,13.31496786,1.285583104,11.29476584,0.459136823,0.550964187,4.866850321,5.23415978,9.366391185,0,0,0,0,0,0
Ilirney,35.1,3.03030303,0.151515152,2.121212121,1.666666667,0.606060606,1.818181818,0,0.606060606,4.242424242,1.363636364,0.151515152,10.45454545,0.303030303,4.545454545,0.757575758,0.909090909,22.57575758,0.303030303,0.454545455,2.424242424,4.545454545,0.757575758,0,0,0,0,0,0
Ilirney,42,2.340918024,0.956457178,4.467834214,1.157356859,0.052408612,2.052670656,0.017469537,0.79923134,5.096737564,2.891208455,0.794863956,0.065510766,1.336419618,4.105341311,0.043673844,1.528584531,5.577149845,0.532820894,0.200899681,29.38376206,18.01546054,5.826090754,0,0,0,0,0,0
Ilirney,45.3,2.428997536,0.905200363,3.471663857,1.011541953,0.014265335,1.627545065,0.020749579,0.964855401,3.763454805,0.308649981,0.302165737,0.016859033,1.143820516,5.285955129,0.175074569,0.41499157,3.613020361,0.488911944,0.178965115,26.84606406,20.03371807,24.42095707,0,0,0,0,0,0
Ilirney,54.6,2.691687992,1.923988248,5.84778694,0.805610843,1.137332954,2.426310302,0.056866648,1.165766278,4.928442802,0.483366506,0.388588759,0.056866648,1.099421856,7.629608568,0.142166619,0.815088617,4.900009478,0.824566392,0.227466591,22.32015923,25.33409156,6.198464601,0,0,0,0,0,0
Salmon,0.163,1.086398259,0.194559304,0.06398259,0,0,3.874646355,0,5.441566921,0.364309032,0,1.794559304,0,0.291186072,1.213492927,0,0.363873776,0.455277476,0.367791077,0.742546246,12.6359086,67.87203482,1.550380849,0.02437432,0,0,0,0,0
Salmon,0.602,0.469461327,0.117483763,0.033318648,0,0,2.408417143,0,9.921219557,9.740414572,0,0.182857793,0,0.177173094,0.778487839,0,0.088902364,0.108798807,0.743274291,0.164540432,41.88122455,24.83013016,7.454850074,0.00457934,0,0,0,0,0
Salmon,1.094,1.252799384,0.244419293,0.085486551,0,0,2.874033761,0,6.785946493,0.57673321,0,0.925903629,0,0.234184988,1.093264623,0,1.471933923,1.088448479,0.40816818,0.629710791,35.46849038,42.2050714,1.358754545,0.059599778,0,0,0,0,0
Salmon,2.515,0.926216373,0.304442872,0.011915096,0,0,1.246708151,0,5.820159857,0.712230968,0,0.465418256,0,0.066384109,0.218605545,0,0.341647153,0.339701831,0.139090513,0.231979632,54.97795707,30.14811194,3.276165187,0.02601868,0,0,0,0,0
Salmon,3.622,0.52634468,0.18266539,2.029750977,0,0,1.693085551,0,3.523398857,0.321722849,0,0.480907045,0,0.098499033,0.528784284,0,0.623928861,0.223528766,0.160708949,0.463524863,35.922262,51.24328346,0.373259495,0.075627741,0,0,0,0,0
Salmon,3.851,0.932155003,0.511381973,0.150187424,0,0,1.650199836,0,6.006255741,4.675669637,0,0.817342303,0,0.142740114,1.001663233,0,0.556065834,1.713501974,0.268723779,0.55172157,19.2463322,58.57123352,0.7428692,0.13032793,0,0,0,0,0
Salmon,6.876,0.727680306,0.200571873,0.078771306,0,0,1.444950308,0,15.16226195,0.417800233,0,0.848092832,0,0.152684471,2.14070568,0,0.292876575,0.318555327,0.30224585,0.397326634,29.21166232,45.05510521,1.156584865,0.10722614,0,0,0,0,0
Salmon,7.489,0.513494896,0.30326615,0.059937558,0,0,0.795290876,0,8.366656826,0.349784851,0,0.350679441,0,0.158342503,0.68391437,0,0.294767541,0.571643273,0.403012981,0.688387322,48.72252489,34.1299661,1.863431828,0.159237093,0,0,0,0,0
Salmon,8.48,0.87664113,0.426267484,0.062911201,0,0,1.259399933,0,5.460339485,0.459192973,0,0.70084254,0,0.368059924,2.102527619,0,0.422151798,0.400397458,0.394517906,0.435674767,30.81825718,51.24205526,2.344177186,0.114063299,0,0,0,0,0
Salmon,9.928,0.517604928,0.698130654,0.031799925,0,0,0.596860124,0,2.797414911,15.97579292,0,0.41437748,0,0.937853163,0.857130277,0,0.264183989,0.381599096,0.515648009,0.234830213,15.17639174,57.14739999,0.408995954,0.345885334,0,0,0,0,0
Salmon,10.175,0.510186928,0.451351533,0.034460732,0,0,0.548009683,0,3.623419849,0.195837816,0,0.461437601,0,0.073964497,0.254673211,0,0.529518558,0.395037655,0.145407477,0.23366057,22.42385019,64.18941635,0.217690963,1.349011565,0,0,0,0,0
Salmon,10.282,0.404048329,0.244521157,0.013075998,0,0,0.369396935,0,2.005204247,0.413201527,0,0.778675663,0,0.036612794,0.176525969,0,0.274595952,1.459935143,0.190255767,0.155604373,19.52442596,65.05243475,0.34324494,1.920210262,0,0,0,0,0
Salmon,10.985,0.2525277,0.231200985,0.023750206,0,0,0.218114137,0,1.172484659,0.720746047,0,0.337834563,0,0.06834243,0.133291972,0,0.190001648,0.313599659,0.079975183,0.291788245,22.40226063,66.43611195,0.161404461,1.979022267,0,0,0,0,0
Salmon,11.919,0.242768544,0.458999636,0.036366138,0,0,0.636243607,0,2.416218642,0.562200839,0,0.231629367,0,0.114340381,0.298464432,0,0.038004253,0.244079036,0.383318754,0.163811433,64.80642403,26.88014573,0.213610109,0.143498816,0,0,0,0,0
Salmon,12.56,0.606773245,0.829243111,0.083170134,0,0,1.166430403,0,6.373372447,0.21796311,0,0.485500537,0,0.181909062,0.821458714,0,0.379796622,0.321618499,0.273683003,0.372421931,15.71587771,66.3185539,4.276911479,0.055719893,0,0,0,0,0
Salmon,13.056,0.313563525,1.035678019,0.060613535,0,0,1.036727604,0,3.59587828,0.552868909,0,0.253212386,0,0.143268355,0.753339648,0,0.081605235,0.115979145,0.188925304,0.15271462,64.30623742,25.89431204,0.659926582,0.020729304,0,0,0,0,0
Salmon,13.847,0.574990077,0.65222755,0.07616473,0,0,1.113506903,0,1.89660906,0.542807797,0,0.565335393,0,0.282131325,0.62433624,0,0.719810339,0.2638947,0.325041032,0.181293513,49.93295358,39.06821571,0.326113775,0.06007359,0,0,0,0,0
Salmon,14.332,0.411037033,0.602929236,0.115472468,0,0,1.22636818,0,0.965922979,0.507123612,0,0.203973264,0,0.277864406,1.471922771,0,0.053662388,0.250611779,0.275897721,0.202849445,52.25199408,40.10097519,0.492233002,0.01601443,0,0,0,0,0
Salmon,15.569,0.335605806,0.000743313,0.172572495,0,0,1.489227537,0,0.04261661,0.33523415,0,0.180625052,0,0.615834796,2.818890556,0,0.086843732,0.136769587,0.362117302,0.060208351,58.64318128,33.1969767,1.084121968,0,0,0,0,0,0
Salmon,18.467,0.516218597,0.001555461,0.610323983,0,0,1.428885298,0,0.00447195,0.335396263,0,0.094883117,0,0.44583399,10.96055546,0,0.330729881,0.524773632,0.766064509,0.202015489,30.39740082,49.28497405,3.609252659,0,0,0,0,0,0
Salmon,20.656,0.750886488,0.003854294,1.06693857,0,0,1.551878793,0,0.007007807,0.377720781,0,0.072530799,0,0.862661004,15.62705854,0,0.153120576,2.109349816,1.185370503,0.505963643,18.22275014,49.05745,7.748181474,0.00035039,0,0,0,0,0
Salmon,22.359,1.058647489,0.005932645,1.80725936,0,0,2.302745057,0,0.005273462,0.435280339,0,0.048999251,0,0.641604539,21.77236662,0,0.097119591,2.162119404,0.844413097,0.45066127,6.666754558,50.87682291,9.170770079,0.000659183,0,0,0,0,0
Salmon,23.006,1.206445544,0.002255038,1.429050049,0,0,2.675441988,0,0.019006752,0.422658626,0,0.057342405,0,0.780887583,21.13421989,0,0.207463533,1.316942426,0.917156332,0.359839699,7.61268749,52.59973713,8.511481367,0.000644297,0,0,0,0,0
Salmon,24.868,0.821285524,0.002670227,1.30650391,0,0,1.13026893,0,0.010299447,0.24527942,0,0.05760061,0,0.983024986,16.70074385,0,0.131604043,1.5784856,1.454129315,0.267404158,6.088498951,59.01163456,9.433911883,0.000381461,0,0,0,0,0
Salmon,26.866,0.785780377,0.002472118,1.279144506,0,0,1.580742907,0,0.051914479,0.607434718,0,0.046263923,0,1.059126,20.40733442,0,0.116189548,1.282676103,1.029107424,0.158215555,9.824197091,54.93293497,6.14250701,0.00035316,0,0,0,0,0
Salmon,28.725,0.660796157,0.003638745,1.095262354,0,0,2.949566989,0,0.222691216,0.346408558,0,0.056036679,0,0.828178444,13.64311186,0,0.145549814,1.14474929,0.676806637,0.152827305,21.07124663,51.78516847,4.37668292,0.001455498,0,0,0,0,0
Salmon,29.491,0.491230859,0.001986778,0.519542445,0,0,8.348441124,0,0.373017568,0.404309321,0,0.046192588,0,1.097694841,8.206883192,0,0.073510786,0.616397872,0.820539311,0.069040535,23.84928302,51.68900964,2.856490059,0,0,0,0,0,0
Lele,0.9,0.907537604,1.156507144,1.863231584,0.39268454,0,5.375630504,0,1.874004822,3.05959971,0,0.303374394,0,0.500955586,5.355700013,0,0,1.119985866,0.885237,0,48.89671265,22.7416599,4.151898352,0,0,0,0,0,0
Lele,2.9,0.7955541,0.997686497,1.672596129,0.272393306,0,5.121960422,0,1.931001671,2.886126714,0,0.413329235,0,0.766474274,5.457298668,0,0,0.89829975,1.032839958,0,50.20834407,22.41355194,3.728613444,0,0,0,0,0,0
Lele,4.5,0.64636284,1.778410751,1.357776655,0.236993518,0,5.058935813,0,2.954589343,3.418611388,0,0.388387132,0,1.117317053,3.991815089,0,0,0.87444357,1.451113356,0,50.43982135,22.29651609,2.699027516,0,0,0,0,0,0
Lele,5.6,0.721700272,2.565688315,0.760358688,0.189068116,0,2.70278336,0,2.241453483,3.43325294,0,0.531576166,0,1.035375205,4.843688233,0,0,0.657422622,1.315488021,0,49.36330692,25.45394943,2.961409076,0,0,0,0,0,0
Lele,6.2,0.662762605,3.987098706,0.701219673,0.149666873,0,2.676592799,0,2.096532024,3.327301696,0,0.463637264,0,0.710546947,4.007618709,0,0,0.716047647,1.510827052,0,51.4242269,24.11162499,2.260548549,0,0,0,0,0,0
Lele,6.8,0.743073171,7.047350661,0.711334122,0.135724171,0,2.529022771,0,3.247689177,3.213232568,0,0.667084043,0,0.82147221,4.728502948,0,0,0.849263105,1.532857607,0,45.9003558,24.70390134,2.049399086,0,0,0,0,0,0
Lele,8.6,0.609576595,4.805028676,0.882888015,0.107323179,0,2.216459256,0,2.508249113,3.343961522,0,0.588874393,0,0.371580695,3.868029023,0,0,0.856043984,0.624719382,0,49.20177393,27.54044077,1.395095431,0,0,0,0,0,0
Lele,9.3,0.76691715,0.017338569,0.702258096,0.128827106,0,1.643205383,0,0.003222212,3.84894761,0,0.404556392,0,0.538446974,4.430357411,0,0,0.586381213,1.174910568,0,61.05404386,21.46551727,2.264846802,0,0,0,0,0,0
Lele,10.5,0.751821767,2.208116772,1.149888311,0.265835941,0,3.783214706,0,2.324937521,4.078623497,0,0.447780901,0,0.867012014,5.115016006,0,0,0.895114214,1.304754131,0,49.00211614,23.3657164,3.106843669,0,0,0,0,0,0
Lele,13.5,4.306848507,0.0220319,5.778563893,1.161717247,0,0.699978278,0,0.007369826,0.390057717,0,0.001861851,0,0.09642835,43.32262769,0,0,5.082774778,0.532023832,0,4.794963694,23.71656426,8.235508596,0,0,0,0,0,0
Lele,14.4,2.053033789,0.015014895,3.190285532,0.409198057,0,1.079385351,0,0.007760507,0.88583661,0,0.043273264,0,0.14732311,23.86748259,0,0,3.141360594,0.768037169,0,40.2671639,17.8915545,4.602191753,0,0,0,0,0,0
Lele,16.1,4.317122801,0.359409052,7.405512143,1.35816888,0,0.774806449,0,0.194454144,0.546638893,0,0.044549866,0,0.094517958,47.92060491,0,0,5.674689656,0.640554826,0,8.163461886,10.4035977,8.533707392,0,0,0,0,0,0
Lele,18.5,2.298092561,0.037025446,7.586723374,1.688500036,0,0.899508749,0,0.0104789,0.269377581,0,0.002235499,0,0.042474473,58.65487255,0,0,5.811597767,0.651787561,0,4.561674612,9.748590239,6.912580827,0,0,0,0,0,0
Lele,21.8,1.916307191,0.037338819,10.37767857,0.89702923,0,1.299678132,0,0.011309354,0.41216312,0,0.002872217,0,0.05654677,49.38328118,0,0,6.5412944,0.470325512,0,7.137817941,14.85384904,5.259208597,0,0,0,0,0,0
Lele,23,1.037754497,0.024227391,9.085184207,1.072652436,0,0.683002517,0,0.007784252,0.408542036,0,0.003760931,0,0.05387752,67.86275926,0,0,3.705216498,0.382390448,0,4.443321024,5.188072777,5.261279731,0,0,0,0,0,0
Lele,24.7,2.697787586,0.029656783,6.156320635,0.856217148,0,1.153408393,0,0.010776188,0.450373426,0,0.003206139,0,0.063054061,45.67367208,0,0,5.386758291,0.517257041,0,7.208201303,14.20372874,14.78403984,0,0,0,0,0,0
Lele,28.5,2.321551301,0.011188402,5.482569227,0.792946428,0,1.498236355,0,0.005215646,0.523415306,0,0.001430096,0,0.04660432,48.68477393,0,0,3.541675955,0.698223568,0,7.620563441,18.17694668,9.649702077,0,0,0,0,0,0
Lele,30,2.370913573,0.018038887,5.970252095,0.753917071,0,1.461924014,0,0.008903313,0.591721932,0,0.001780663,0,0.055587642,39.8019129,0,0,3.869689561,0.580805696,0,9.230800199,24.85131467,9.449512021,0,0,0,0,0,0
Lele,34.2,2.111841396,0.0083687,3.943017523,0.478271194,0,1.142327524,0,0.005335046,1.047761216,0,0.001150696,0,0.060254639,28.9086274,0,0,2.096673128,0.428791256,0,15.55647146,34.25737727,8.983380808,0,0,0,0,0,0
Lele,38,1.555307888,0.010319491,2.965500793,0.292935964,0,0.810790978,0,0.003164644,2.221488392,0,0.001284203,0,0.350404065,16.91075704,0,0,1.352954126,0.41842098,0,31.22049772,34.96725281,5.832117927,0,0,0,0,0,0
Lele,39.5,2.501812975,0.027101657,3.66323286,0.282591718,0,1.122417672,0,0.015758939,2.00756801,0,0.003207572,0,0.139180721,18.16099221,0,0,1.551953365,0.414613511,0,28.09042563,35.23615166,5.579919671,0,0,0,0,0,0
Lele,44.2,1.045491016,0.007021214,2.65761633,0.202176229,0,0.516121253,0,0.004961989,2.191239014,0,0.002034415,0,0.095592712,20.42548061,0,0,1.071839176,0.327913022,0,34.40628069,30.85622588,5.547379301,0,0,0,0,0,0
Lele,46.6,1.709589288,0.010910671,3.523895937,0.299290994,0,1.183431582,0,0.008715996,2.018160624,0,0.002320085,0,0.156762515,22.43359383,0,0,2.329679095,0.427648142,0,28.16639902,31.40818514,5.487628616,0,0,0,0,0,0
Lele,48.3,0.739813806,0.005351547,3.681538965,0.170999419,0,0.778099871,0,0.004651344,2.592624268,0,0.003976149,0,0.116758743,7.802554938,0,0,0.866525426,0.473886953,0,39.31526211,39.08869663,3.950466685,0,0,0,0,0,0
Lele,55.5,1.056904477,0.305198199,18.36921391,0.740417059,0,0.681829905,0,0.211283574,3.135093997,0,0.053915753,0,0.318044552,29.19615894,0,0,3.558828997,0.32583022,0,20.55990634,14.98955261,5.832438792,0,0,0,0,0,0
Lele,58.2,0.411367226,0.057714917,20.66716544,0.765969575,0,0.534397378,0,0.037526571,0.995641692,0,0.005937749,0,0.081940931,54.73345446,0,0,3.815597278,0.070777964,0,7.934494757,6.122293871,2.692650255,0,0,0,0,0,0
Lama,0.053,2.200322473,7.640664962,0.632436339,0.347492494,0,5.094239964,0,4.046202602,1.501167575,0,0,0,0.678305349,1.587345713,2.507505838,0.995218503,3.277549205,1.712443011,1.139775381,15.94156566,43.53802958,2.146113644,0.00972979,0.679695319,0.707494718,0,0,0
Lama,0.26,1.762256627,13.78137462,0.694933146,0.343068262,0,3.612479475,0,2.973258269,1.52474783,0,0,0,0.431034483,0.92364532,3.879310345,0.71252639,2.917546329,0.873797795,1.123035421,14.55840957,42.09770115,1.384001877,0.21111893,0.636288998,0.838611307,0,0,0
Lama,0.712,2.073929101,11.40187506,0.6913097,0.309353199,0,3.901638309,0,2.967265381,2.042362448,0,0,0,0.536633101,1.297389438,3.320811894,1.351052748,3.058808675,1.246882793,0.861769627,17.67732567,38.76384987,1.698285931,0.129423277,0.937529594,0.827046308,0,0,0
Lama,1.195,1.900549845,13.82580285,0.705235477,0.278906686,0,3.597896247,0,2.944457726,1.426408479,0,0,0,0.470156985,1.135548649,4.147740856,0.677344808,3.115786118,0.828751295,1.382580285,13.80588095,42.05514384,1.159454937,0.175312774,0.61757909,0.860626345,0,0,0
Lama,1.817,1.030077563,15.5915488,0.442213877,0.217597305,0,2.69539887,0,3.111290492,1.252939318,0,0,0,0.319376689,0.82300916,4.215070368,0.545748078,2.741024111,0.507142105,1.57056119,11.32032429,47.01681115,0.923033728,0.314112238,0.389569368,0.844066964,0,0,0
Lama,2.482,1.014177575,17.12600895,0.4621304,0.209108778,0,3.002802058,0,2.404750951,1.524402994,0,0,0,0.230019656,0.583413492,4.395466522,0.543682824,2.262556982,0.516498683,1.177282422,12.23286354,45.41424449,0.784157919,0.257203797,0.476768015,0.926351888,0,0,0
Lama,3.025,1.441806487,18.03339956,0.460276559,0.190798403,0,2.71248451,0,2.437105372,1.172328331,0,0,0,0.33242196,0.605834104,4.404099215,0.542890301,2.163693228,0.536989319,1.154625386,10.84403706,45.31953815,0.800566494,0.043273865,0.428804658,1.073978638,0,0,0
Lama,4.322,0.87694294,22.09292577,0.380623418,1.418534851,0,1.891379802,0,1.738795084,1.094921109,0,0,0,0.212947903,0.35211858,5.114103188,0.285048374,2.10935797,0.321936988,1.237445296,7.208370362,47.14532437,0.52817787,0.558359463,0.280018109,0.772984121,0,0,0
Lama,5.149,0.733677895,21.59448702,0.442583021,1.474781679,0,1.756965484,0,1.627755005,0.981702608,0,0,0,0.20049902,0.399512862,4.162953722,0.215350799,2.054001069,0.371294481,1.560921998,7.451137646,48.89948316,0.39357215,0.634170974,0.24356918,0.755955563,0,0,0
Lama,6.379,0.829883399,17.85388735,0.247825592,0.086406624,0,1.759466748,0,0.799498652,0.637130161,0,0,0,0.078810437,0.259219872,3.276805044,0.251623685,1.564814463,0.275361768,1.711990581,7.095787914,58.43651487,0.306696039,0.48045881,0.191803715,0.498499753,0,0,0
Lama,6.869,0.887499651,18.50260017,0.290251458,0.059538761,0,2.274566716,0,0.674462523,0.767491837,0,0,0,0.078144623,0.198152438,3.782571888,0.210246249,1.014949811,0.305136148,1.137748505,9.492711153,55.47989171,0.396304876,0.573060571,0.183267748,0.603760245,0,0,0
Lama,7.569,0.85457028,15.47440586,0.224384375,0.066360485,0,1.942595793,0,0.592470233,1.189237189,0,0,0,0.128901662,0.348989315,3.596833793,0.229635924,0.945756271,0.319389674,0.948620752,11.52142155,57.45338057,0.506058378,0.042967221,0.17139147,0.518948544,0,0,0
Lama,8.491,0.571793614,14.82299591,0.214591309,3.245862257,0,1.703684042,0,0.888057116,1.461650239,0,0,0,0.179950783,0.462473513,4.020100503,0.179950783,1.03246762,0.439529789,0.80168074,13.97407809,52.04761498,0.476419699,0.493515024,0.146659889,0.339207227,0,0,0
Lama,9.157,0.358167877,15.84303764,0.276401921,0.307505973,0,1.679854471,0,0.467503334,2.715478036,0,0,0,0.377018818,0.666852034,2.773915953,0.159526087,1.415941298,0.504498306,0.683582244,19.90258776,47.44428369,0.80540645,0.839809417,0.065978293,0.39068575,0,0,0
Lama,9.805,0.710000882,16.72126282,0.202396495,0.135934734,0,2.50661929,0,0.815393318,0.964448335,0,0,0,0.146904151,0.365217055,1.032630789,0.192717598,1.629711203,0.360915323,1.392040505,13.60186179,55.9451013,0.452757303,0.100445444,0.096143712,0.412536108,0,0,0
Lama,10.086,0.403821021,17.24207636,0.222516822,0.114705855,0,1.94529847,0,0.749505605,1.355785594,0,0,0,0.180207285,0.402410703,0.704375433,0.145419444,1.220708481,0.42027473,0.730387963,13.88238576,57.63561773,0.413849948,0.007678397,0.070986,0.345057776,0,0,0
Lama,10.402,0.230865155,2.211474728,1.179602979,0.140990642,0,2.830485435,0,0.066282453,15.4589779,0,0,0,1.940727759,2.546257288,0.062912159,0.14773123,3.415231483,0.548796243,0.1072877,40.54407783,26.2321234,1.13241886,0.004493726,0.147169515,0.07976363,0,0,0
Lama,11.508,0.420666446,7.390856596,0.474456582,0.228493141,0,2.018739196,0,1.441759535,3.375905697,0,0,0,0.336992902,0.859262937,1.568189341,0.214700798,1.931847438,0.497903564,0.415149509,18.27853176,55.48153665,0.57881864,0.890065835,0.06482401,0.489168414,0,0,0
Lama,11.769,0.630677171,0.788238839,1.02372035,0.275948168,0,4.11124026,0,0.092556718,9.504068191,0,0,0,1.359938009,3.723363038,0.226441087,0.269060226,4.12071118,1.48994791,0.198028327,41.5032933,26.76309785,2.610960437,0.000430496,0.183821947,0.021955314,0,0,0
Lama,12.977,0.269176916,5.214430055,0.503834026,0.250753424,0,2.569592317,0,0.117522486,5.194649042,0,0,0,0.35140387,0.798415968,0.023077848,0.110540953,1.009801298,0.65742777,0.070591064,44.85344597,35.25112189,0.763508298,0.019781013,0.104723008,0.201882687,0,0,0
Lama,13.553,0.440678952,0.517259764,0.99419343,0.228966935,0,2.992274062,0,0.115743658,6.774396805,0,0,0,2.057794279,3.594645159,0.007755019,0.217722157,2.517666903,1.463565952,0.189610213,44.96127337,29.55670373,2.506422125,0.000969377,0.134355703,0.024622185,0,0,0
Lama,13.743,0.199583664,2.647166127,0.960362255,1.480782025,0,3.479837758,0,0.271476705,20.30388222,0,0,0,0.878811941,3.464815331,0.011803335,0.170611842,5.38124772,0.5214928,0.090134558,35.46043737,21.82329335,1.155653797,0.037556066,0.136274867,0.082623345,0,0,0
Lama,13.956,0.248437953,2.280894483,1.187927086,0.321320179,0,3.257622709,0,0.212528827,14.35886251,0,0,0,1.089775475,15.776342,0.007713812,0.222636581,3.240599124,0.414417913,0.094161708,34.81004072,20.31738347,1.021149145,0.002659935,0.137518653,0.080862032,0,0,0
Lama,13.959,0.260030184,2.287178673,1.138363649,0.359945318,0,3.218605118,0,0.204846929,14.22473798,0,0,0,1.051826273,15.78324687,0.008779154,0.24205382,3.220277338,0.435613266,0.095734585,34.82815851,20.42992772,1.067712361,0.005016659,0.143810905,0.088627651,0,0,0
Lama,14.32,0.21585229,0.237478323,0.442585603,0.106361998,0,1.63446564,0,0.030330851,3.436363018,0,0,0,0.678431773,1.352783162,0.120099289,0.090720528,1.808425992,4.209187664,0.100921487,61.59855826,22.23360196,1.180726988,0.000136013,0.073990955,0.008024754,0,0,0
Lama,14.667,0.109665991,0.211493465,0.098970444,0.083586437,0,0.491921931,0,0.033038986,1.053291665,0,0,0,0.144170121,0.362183474,0.002417487,0.028423784,0.227829815,0.218526154,0.034870415,89.46620427,5.210489841,1.974500642,0.000219772,0.030694756,0.007179203,0,0,0
Lama,15.125,0.579442202,1.125515749,0.450025928,0.423421189,0,2.27493067,0,0.176312764,4.356864248,0,0,0,0.645277659,1.2026244,0.104615246,0.203368431,0.999706897,1.408247469,0.134827407,53.62207742,29.38335626,1.520979415,0.001352783,0.123554213,0.022546389,0,0,0
Lama,15.596,0.549611751,0.815616015,0.420933218,0.126928505,0,2.224079768,0,0.13145799,3.803222728,0,0,0,1.02922238,2.772044434,0.008647197,0.132796246,1.459626338,1.577804703,0.341461356,50.20254001,31.79090665,1.893839181,0,0.097795685,0.023882736,0,0,0
Lama,16.079,0.430027218,0.735603177,0.246188115,0.055275113,0,1.194584026,0,0.112030809,2.81368421,0,0,0,0.692584005,1.035997095,0.056673442,0.098705559,0.547404578,0.983600894,0.076496808,67.39015099,21.73430602,1.101883055,8.23E-05,0.077895137,0.032901853,0,0,0
Lama,16.535,0.667805129,1.405921192,0.466392563,0.107697709,0,2.378175644,0,0.223428119,5.269155019,0,0,0,1.003790245,1.855653336,0.01299116,0.179099504,1.108810387,1.246556351,0.151827985,51.8036887,29.29665264,1.77245041,9.92E-05,0.138737656,0.029651579,0,0,0
Lama,16.946,0.678441494,1.312708095,0.32716428,0.059607171,0,1.445618584,0,0.206599613,4.449511376,0,0,0,1.263324807,2.759484099,0.012538725,0.214122849,0.737084148,1.095691694,0.145063407,50.46798381,32.13887506,1.774904802,0.000192903,0.093365278,0.073689124,0,0,0
Lama,17.212,0.604840772,0.980401494,0.349281701,0.071429554,0,1.34382801,0,0.168150461,4.310218024,0,0,0,1.164319368,2.018969573,0.028324905,0.306318147,1.018250339,1.420795559,0.122435547,47.04801936,36.35058824,1.820659967,0.000105822,0.102258902,0.031605373,0,0,0
Lama,18.408,0.662410761,1.027819238,0.294556637,0.405042349,0,1.182722221,0,0.195040371,4.485209229,0,0,0,1.256019709,2.118362136,0.019960798,0.275494974,0.840439497,1.566365157,0.159290762,47.40121203,35.21016382,2.062903487,0,0.096459206,0.041755831,0,0,0
Lama,18.716,0.580430153,1.178590772,0.327528444,2.561390633,0,1.601740232,0,0.201121695,4.155632907,0,0,0,0.933275232,1.638171486,0.006527634,0.206943638,0.78305144,1.262303267,0.157898172,49.36928942,31.73753266,2.398729052,0,0.111057988,0.027610127,0,0,0
Lama,19.192,0.5957284,1.260463463,0.402072995,0.496061816,0,2.159035025,0,0.147796547,4.796923875,0,0,0,1.165950541,2.340548751,0.026030361,0.253927047,1.247797683,1.244915126,0.226848483,50.21815714,30.7149527,1.682277604,8.74E-05,0.143865788,0.036774436,0,0,0
Lama,19.59,0.623062159,0.995127713,0.404252178,1.482553275,0,2.331512378,0,0.194694621,4.375609036,0,0,0,0.999557065,2.452384468,0.010925735,0.220581722,1.535705497,1.20409469,0.196466362,47.9731286,32.32413012,1.817018554,0.00019686,0.116836458,0.038190856,0,0,0
Lama,20.053,0.588651105,0.970313694,0.345101695,0.832821947,0,1.026501469,0,0.158413278,4.529874031,0,0,0,1.229347108,2.116544322,0.004350021,0.268976321,0.882173975,1.422301627,0.15504719,46.31659352,36.42096814,1.818464287,5.18E-05,0.0697557,0.025116195,0,0,0
Lama,20.62,0.536301663,1.257791181,0.306009159,4.062819684,0,0.971561519,0,0.194837292,3.969911502,0,0,0,1.103585043,2.104871265,0.007024494,0.193284509,0.866933524,1.509120197,0.08636431,43.08414494,37.13669038,1.69349469,0,0.070910423,0.047581707,0,0,0
Lama,21.057,0.568043419,1.174354454,0.358385731,5.277945707,0,0.902070862,0,0.206740121,4.187047226,0,0,0,1.391747086,2.283708241,0.037996215,0.36361021,1.178968281,1.66070601,0.101164923,42.45731023,35.05809011,1.702298296,6.79E-05,0.075721029,0.036639208,0,0,0
Lama,21.74,0.660213487,1.164118673,0.345327894,0.08609562,0,1.746997368,0,0.187759043,4.633280558,0,0,0,1.276622833,2.430468017,0.007626332,0.291754485,1.437280034,1.245928421,0.166014542,47.71752065,33.89766092,1.795906739,6.30E-05,0.09712544,0.060317356,0,0,0
Lama,22.505,0.811755233,1.260428254,0.310070209,0.627713561,0,0.828759083,0,0.268775144,5.175243252,0,0,0,1.582572625,1.944583166,0.006287138,0.217334925,0.936426319,1.653517261,0.105666783,45.62683122,35.85218939,1.784761264,0.000428668,0.050654327,0.132887232,0,0,0
Lama,22.974,0.544581472,1.169270293,0.41340672,4.028261147,0,0.80507473,0,0.230875814,3.982721233,0,0,0,1.251605138,1.923855119,0.007919985,0.228235819,0.873838351,1.612129457,0.1855834,44.67725442,35.84601734,1.383728638,8.25E-05,0.044797415,0.041002423,0,0,0
Btoko,1.43,0.453455645,17.29386011,0.109454811,0.083394142,0,2.220369019,0,3.148128844,0.370061503,0.422182842,0.833941416,0,0.265818826,0.166788283,9.944751381,0.093818409,1.412488273,1.073699573,0.97466903,10.75784426,45.56968623,0.693213802,0,0,0,0.562910456,0.995517565,0
Btoko,2.95,0.688041833,25.62267786,0.261455897,0.151369203,0,2.132929682,0,3.467730838,0.591715976,1.499931196,0.66052016,0,0.068804183,0.137608367,7.995046099,0.33026008,2.820971515,1.307279483,1.417366176,8.187697812,34.73235173,0.646759323,0,0,0,1.100866933,0.921976056,0
Btoko,5.63,0.333111259,26.14447511,0.323593795,0.085657181,0,1.227752927,0,1.67507376,0.399733511,1.0469211,0.199866755,0,0.085657181,0.114209575,14.44751118,0.751879699,1.180165604,0.390216046,0.532978015,5.710478728,39.15484915,0.285523936,0,0,0,1.018368707,0.647187589,0
Btoko,7.72,0.061745024,76.78801547,0.032034606,0.02052567,0,1.025947471,0,0.006300513,0.049452023,0.006216506,0.017977463,0,0.011508936,0.002128173,0.001708139,0.011928971,1.964191807,0.083222771,0.580739249,1.876320657,0.173698132,0.051720208,0,0,0,0.04105134,0.001652134,0
Btoko,9.38,0.201295291,24.68930509,0.065639769,0.048135831,0,0.551374059,0,1.317171364,0.363206722,0.336950814,0.074391738,0,0.083143707,0.096271661,2.857517942,0.157535445,0.656397689,0.245055137,0.249431122,10.3404516,51.05898827,0.227551199,0,0,0,2.43742342,0.953964642,0
Btoko,10.17,0.361289526,23.75864625,0.111166008,0.061758893,0,0.521862648,0,2.102890316,1.14562747,0.293354743,0.13895751,0,0.243947628,0.348937747,3.486289526,0.108078063,1.009757905,0.379817194,0.089550395,9.038414032,50.4631917,0.478631423,0,0,0,1.65513834,1.068428854,0
Btoko,10.8,0.783475783,17.45014245,0.56980057,0.925925926,0,0.854700855,0,2.492877493,2.564102564,10.04273504,0.284900285,0,0.712250712,0.498575499,2.421652422,0.356125356,4.202279202,0.854700855,0.498575499,11.53846154,24.64387464,1.353276353,0,0,0,0.071225071,1.424501425,0
Btoko,11.58,2.681992337,1.53256705,1.53256705,1.53256705,0,1.53256705,0,0,8.429118774,10.53639847,0,0,0.383141762,0.574712644,11.11111111,0.957854406,24.32950192,0.191570881,0.191570881,2.298850575,1.915708812,0.383141762,0,0,0,0,0,0
Btoko,12.33,0.974858902,0.974858902,1.847101077,1.590559261,0,1.847101077,0,0.15392509,21.0877373,15.54643407,0,0,1.744484351,4.87429451,1.898409441,0.769625449,8.158029759,0.615700359,0.359158543,10.10774756,11.39045664,1.436634171,0,0,0,0.513083633,0,0
Btoko,13.32,0.966548181,2.607488922,1.380435312,0.287286361,0,1.587378877,0,0.922724838,23.06812095,0.338413595,0.116862249,0,5.190631543,7.574134489,0.484491406,0.27024395,5.331840093,0.708477382,0.226420607,18.26216098,25.66830598,2.227686614,0,0,0,0,0.13390466,0
Btoko,14.2,0.832234674,3.485497693,1.590309822,0.543836519,0,1.631509558,0,1.013513514,21.41562294,0.321357943,0.082399473,0,1.203032301,7.473632169,0.552076467,0.27191826,5.471324984,1.211272248,0.263678312,17.71588662,27.77686223,2.307185234,0,0,0,0.008239947,0.140079103,0
Btoko,15.12,1.020293032,5.219129285,1.06381264,0.199867829,0,1.850389259,0,1.665027965,16.9629761,0.111216776,0.14506536,0,1.208878,6.513434664,0.312696443,0.130558824,4.184329717,1.108944085,0.278847859,20.29464386,32.93950774,2.554762173,0,0,0,0.017730211,0.219209877,0
Btoko,16.03,0.893577852,4.959286271,1.118742477,0.263400127,0,1.632797564,0,1.35240388,15.25596545,0.063725837,0.19825816,0,1.312752248,5.137718615,0.327125965,0.104793599,4.215818169,1.159810239,0.209587198,23.11548538,33.94746159,2.718969058,0,0,0,0.031154854,0.189761382,0
Btoko,16.91,0.944831246,4.169413581,0.530301812,0.095512212,0,1.738515219,0,2.443118779,8.661381872,0.092617903,0.312263832,0,1.460661511,3.450016883,0.213857311,0.213535721,2.036950684,1.177983953,0.193597144,25.47796305,43.23744593,2.11477545,0,0,0,0.014793137,0.166261999,0
Btoko,17.91,0.746093941,3.430016096,0.63716325,0.101126701,0,1.368299543,0,1.886289365,9.331458208,0.039507698,0.280781049,0,1.012405092,3.536182873,0.478482124,0.154453965,1.72712049,1.156778903,0.161119873,25.73316858,44.30617653,2.596940186,0,0,0,0.019022225,0.164534118,0
Btoko,19.32,0.755603148,3.517344135,0.571295693,0.143254548,0,1.731973324,0,2.048626163,9.275947303,0.017224996,0.349093248,0,0.999911004,3.237725037,0.292537845,0.115120388,1.696375,1.151203884,0.160766627,26.33156394,44.02019918,2.069583241,0,0,0,0.022105411,0.174546624,0
Btoko,20.5,0.799007289,3.163563145,0.456241123,0.102392808,0,1.621583655,0,2.236720933,8.165982487,0.015452573,0.389279973,0,1.071690574,2.790360092,0.336834876,0.11925016,1.544008616,1.192657686,0.17153917,24.41974808,47.99678462,2.001186258,0,0,0,0.01420388,0.160300935,0
Btoko,22.78,1.000762897,3.379823827,0.406963358,0.070292285,0,1.250572427,0,2.592326603,5.510193398,0.011080056,0.455654615,0,1.259365316,3.177892339,0.181550283,0.281524921,1.595833086,1.369403491,0.210622725,23.38725458,50.0221347,2.557663308,0,0,0,0.017941559,0.19024152,0
Btoko,24.19,1.070629935,3.134775017,0.305663007,0.076158212,0,1.178134425,0,2.820355655,5.442773542,0.007946944,0.61934654,0,1.375483531,2.422346217,0.165193416,0.306840332,1.325373635,1.39822062,0.147680707,22.04989945,52.65431604,2.295636613,0,0,0,0.021927678,0.173361108,0
Btoko,25.41,1.136817229,3.263607838,0.484545048,0.106266835,0,1.337984049,0,2.654423952,6.087080649,0.015596376,0.50727875,0,1.365211622,3.171747825,0.151469892,0.410131829,1.529766609,1.453502973,0.202885065,21.34826708,50.27135051,2.834839661,0,0,0,0.006872979,0.17010624,0
Btoko,27.32,1.214334437,3.431069974,0.484781038,0.083516533,0,1.70164935,0,2.802162105,6.272760536,0.024933334,0.538803261,0,1.689385393,3.23312363,0.157809759,0.424576159,1.687054228,1.621376178,0.206561521,22.154686,48.11788805,2.581512237,0,0,0,0.010135502,0.192169109,0
Btoko,28.16,1.147009871,2.994963058,0.528962741,0.095401518,0,1.484782813,0,2.573907169,5.87892516,0.039191975,0.446840083,0,1.750875696,3.737290004,0.131112627,0.602189852,1.970299187,1.666045697,0.266221803,20.00118607,49.03870079,3.764363408,0,0,0,0.00528576,0.136656228,0
Btoko,29.02,1.099234925,3.52888975,0.455911602,0.096875235,0,1.304466905,0,2.86750697,6.541948771,0.021049434,0.812675586,0,1.58899306,2.528324046,0.124622216,0.365135918,1.317503202,1.410551268,0.175451815,20.58778152,51.60137156,2.215931312,0,0,0,0.007056344,0.184780542,0
Btoko,29.72,1.378282332,4.087590058,0.371394521,0.088122936,0,1.169001609,0,2.230257402,5.2670332,0.014942194,0.595617437,0,1.749406813,2.659350393,0.375895181,0.521446548,1.34686772,1.464064925,0.222242625,18.83967566,53.03416542,3.063959789,0,0,0,0.118277363,0.183896996,0
Btoko,31.24,1.155863326,1.845762447,0.399980953,0.114552368,0,1.218173284,0,1.63189508,3.985796595,0.024216534,0.354949084,0,1.281027434,2.368186549,0.069520499,0.490588884,1.298169475,1.684953778,0.159720285,29.47097757,45.47130409,4.692157516,0,0,0,0.001904671,0.096321944,0
Btoko,32.76,1.207177579,2.679898244,0.336186662,0.091392878,0,1.195183763,0,3.008768679,5.036803024,0.021229054,0.70199805,0,1.517817413,2.324641415,0.080118691,0.376605822,1.530290982,1.425704907,0.143326101,22.29878275,51.8271979,2.649074137,0,0,0,0.010554558,0.229681576,0
Btoko,33.65,0.753732142,1.727123812,0.417212496,0.063898113,0,0.910118477,0,1.677598868,3.156629273,0.011951603,0.392918714,0,0.971126333,1.740559601,0.079677354,0.340737859,1.031977959,1.010105744,0.097721931,12.87703207,69.6404286,1.87413634,0,0,0,0.001952876,0.112641906,0
Ulu,2.74,1.616315478,11.72886519,0.135398155,0,0,5.915206905,0,14.07294576,1.040873318,0,0.541592621,0,0.550055006,1.066260472,7.421511382,3.0972328,3.604975882,0.57544216,3.698062114,8.216975544,22.81458915,1.13395955,0,0.033849539,0,0,1.396293476,0.025387154
Ulu,7.48,2.178867718,14.94210958,0.209681831,0,0,1.09399216,0,11.04932081,2.94466223,0,0.647278695,0,0.355547452,2.789680007,8.01349257,2.115051509,2.26091713,0.182332027,1.522472422,9.335399763,24.93390464,0.54699608,0,0.13674902,0,0,1.486006017,0.109399216
Ulu,12.16,2.382457027,20.91759353,0.208543984,0,0,0.752022245,0,8.20273003,1.750505561,0,0.594034378,0,0.4739636,2.306622851,5.182002022,1.807381193,2.003286148,0.208543984,0.594034378,6.186804853,32.62133468,0.638270981,0,0.417087968,0,0,1.036400404,0.132709808
Ulu,17.59,3.009766793,11.52581224,0.338847917,0,0,1.838748256,0,7.130755432,2.461630456,0,0.538170221,0,0.418576839,6.67729719,5.655770381,1.838748256,3.762208491,0.338847917,0.413593781,6.418178194,34.68208092,0.558102452,0,0.423559896,0,0,0.882001196,0.219254535
Ulu,18.56,4.90625228,1.156343474,0.45232363,0,0,4.300722259,0,0.550813453,5.584737725,0,0.306412782,0,1.820237835,4.639964981,3.177208725,1.634201503,6.613409207,2.49872328,1.907784344,10.31954476,42.64974101,1.130809076,0,0.642007733,0,0,0.021886627,0.448675859
Ulu,20,8.917050691,0.541474654,0.973502304,0,0,2.511520737,0,0.420506912,5.650921659,0,0.576036866,0,1.370967742,16.30760369,0.3859447,1.347926267,14.21082949,1.33640553,2.332949309,9.326036866,16.22695853,1.031105991,0,0.737327189,0,0,0.115207373,1.267281106
Ulu,23.56,8.066321745,0.290460198,0.847175577,0,0,3.201113431,0,0.117999455,3.869777011,0,0.081691931,0,1.080148861,15.29151917,0.287434571,1.12250764,17.77253336,2.166348976,1.216302079,15.07064839,21.55456718,1.872863151,0,0.475023449,0,0,0.003025627,1.195122689
Ulu,24.1,5.093206434,1.517694893,0.75354596,0,0,2.017504354,0,0.947338916,6.268246825,0,0.928337548,0,0.513666813,13.25361157,0.205235769,0.1888589,7.700278092,0.829341471,0.256885896,22.87428758,31.60179432,2.597728444,0,0.445324876,0,0,0.067922017,0.052070047
Ulu,25.87,3.456788282,1.800923302,0.853382954,0,0,2.856604815,0,1.159720772,6.602018138,0,0.76556487,0,0.40571582,9.94078339,0.302422362,0.117463679,8.199151278,0.71335879,0.241080218,25.05500283,33.00859909,2.271523821,0,0.430700158,0,0,0.10459861,0.121192685
Ulu,27.7,3.150763266,1.349594455,0.705440689,0,0,2.476094254,0,0.948280504,6.385635781,0,0.893147917,0,0.365926522,5.786357377,0.406698994,0.117958094,7.668814701,1.109062515,0.202836636,25.20431111,39.06515646,2.140170116,0,0.439009255,0,0,0.070005565,0.126163875
Ulu,29.1,4.047492434,2.165585389,0.966478772,0,0,2.543436433,0,1.090237559,6.461175515,0,0.668297447,0,0.327187292,8.264959827,0.39873534,0.103647984,8.741624527,0.791669487,0.246163961,24.07301768,34.72014078,2.173513686,0,0.562328986,0,0,0.117377474,0.175389405
Ulu,30.33,2.192151556,0.574050883,0.392170047,0,0,2.319400903,0,0.420578421,5.139730541,0,0.889568747,0,0.326444162,4.922213164,0.159355853,0.173139798,2.198707335,1.354524748,0.21734928,30.95554678,43.53154758,2.566839526,0,0.241219039,0,0,0.04488187,0.033451281
Ulu,31.27,5.063552178,1.130033246,0.870585416,0,0,2.215478251,0,0.711739805,6.405379571,0,0.525862573,0,0.309052249,9.163719663,0.233809591,0.079422805,9.043610087,0.813456731,0.518616984,22.98802527,34.4619732,3.067113664,0,0.679970683,0,0,0.052948537,0.21959709
Ulu,34.43,2.440600564,1.446840288,0.900415742,0,0,1.876225147,0,1.201272358,6.904623427,0,0.595250917,0,0.371942069,7.790678471,0.285059848,0.091908465,10.59460469,0.76183501,0.190997279,25.0967552,35.50323475,1.609834206,0,0.588070568,0,0,0.082574011,0.140734837
Ulu,36.52,4.739414062,0.308634759,1.225186467,0,0,1.886880685,0,0.268886343,7.397881643,0,0.187051369,0,0.395146017,23.8911361,0.112230821,0.257195632,22.80857631,0.589211812,0.855760013,13.39521616,12.21211625,2.022492927,0,0.526081975,0,0,0.03273399,1.225186467
Ulu,37.26,2.458880024,1.744999433,1.036034333,0,0,2.183234393,0,1.085945476,7.590653004,0,0.605361667,0,0.471887171,8.157446969,0.29077022,0.077513518,8.337051461,0.899913034,0.393239309,24.16228684,36.83820471,1.780164102,0,0.49343971,0,0,0.0744886,0.139524332
Ulu,38,2.107623951,1.853163129,0.84801467,0,0,1.846392552,0,1.237887016,7.283729459,0,0.665209112,0,0.489738345,8.318499189,0.283517879,0.096198604,8.113407151,0.746173919,0.254460822,23.185274,39.02475492,1.768813033,0,0.469708724,0,0,0.100712321,0.119613513
Ulu,38.76,2.25757275,2.007998209,1.047706321,0,0,2.132152042,0,1.122874288,8.146011664,0,0.478034484,0,0.411734649,10.42174297,0.326431675,0.06081004,10.86430493,0.819246378,0.230149111,21.9308877,34.11738872,1.34457756,0,0.570938713,0,0,0.10852903,0.233949739
Ulu,39.53,2.018857012,1.836608428,1.041708698,0,0,2.04878344,0,1.096181522,7.953704825,0,0.515810569,0,0.362479657,9.621514748,0.340287025,0.047411532,9.990719445,0.79321847,0.231677628,22.56082799,35.80747555,1.550121723,0,0.596511049,0,0,0.094486812,0.248826481
Ulu,40.42,2.477765682,1.823309587,0.832712619,0,0,1.913074479,0,1.158030775,7.132170846,0,0.654456095,0,0.456464027,9.287801524,0.317678591,0.117776632,9.08089663,0.695200443,0.33168446,22.07834374,37.86614208,1.613858171,0,0.473016419,0,0,0.10058761,0.147698263
Ulu,42.01,1.858156467,1.720042401,0.870466802,0,0,2.4694176,0,1.210916041,7.169164584,0,0.412020953,0,0.401575351,11.8894159,0.477789556,0.121478478,7.958774692,0.731578988,0.341996735,20.79757972,37.74150618,1.476698571,0,0.562514991,0,0,0.099039778,0.261913789
Ulu,42.54,2.135059757,1.187458779,0.783160859,0,0,1.940452565,0,0.900280081,8.105478281,0,0.528515277,0,0.54921817,10.05657805,0.262926738,0.069206813,10.37451533,0.769260345,0.218267641,24.15731832,34.35615482,1.570462296,0,0.379750205,0,0,0.072164369,0.281263586
Ulu,43.16,2.024551764,1.430058413,0.889036419,0,0,2.065105884,0,1.084747596,7.821838243,0,0.483495224,0,0.470878387,10.80391783,0.28838485,0.071946012,9.628899767,0.69918306,0.314219326,22.79306735,35.58353623,1.431260016,0,0.43437968,0,0,0.087266457,0.254890151
